index,answer
test_0001,শিক্ষাবিদ এবং মানব সম্পদ প্রশিক্ষক
test_0002,তার প্রাথমিক চরিত্রের কারণে
test_0003,স্মল মোজেস কোর্ট
test_0004,লেম্যান আর. ব্লেক
test_0005,পরাজিত দলের সদস্যদের ডাব্লিউডাব্লিউই হতে বরখাস্ত করা হবে
test_0006,২০২৩
test_0007,জরায়ুর অবস্থানকে স্থিতিশীল করতে এবং এর চলাচলের পরিসরকে সীমিত করতে সাহায্য করা
test_0008,সেলামলিক ও হারেমলিক
test_0009,আসিরিয়ার রাণী সেমিরামিস এবং পারস্যের রাজা সিরুসের
test_0010,ভারত
test_0011,লিখিত হতে হবে এবং অন্তত দুইজন সৎ সাক্ষীর উপস্থিতি থাকতে হবে
test_0012,"১৭ জানুয়ারী, ২০২৩"
test_0013,১৯৯১ সালে
test_0014,মহিলা
test_0015,টাইফয়েড জ্বর এবং কালা জ্বর
test_0016,খেলোয়াড়দের তালিকা
test_0017,চট্টগ্রাম বিশ্ববিদ্যালয়
test_0018,প্রকৃতির বিপরীত
test_0019,পার্বত্য অঞ্চল
test_0020,"ইতালি, ১৯৮৬ সালে"
test_0021,সপ্তদশ লোকসভা
test_0022,মণি ওসাই
test_0023,"রাজকীয়, প্রোটো-সমাজবাদী, উদারপন্থী এবং রক্ষণশীল"
test_0024,২০২৩
test_0025,গোল্ডেন গ্লোব পুরস্কার এবং একটি এমি পুরস্কার
test_0026,নারীবাদী দলগুলো
test_0027,২২ টি
test_0028,১৯৯৪
test_0029,"গির্জা, বিশ্ববিদ্যালয় ভবন ও নগরভবন"
test_0030,২০%
test_0031,ভক্ত বা ভক্তিয়া
test_0032,"রোগী, পরিবার এবং অংশগ্রহণকারীদের নিয়ম ও মূল্যবোধকে প্রভাবিত করা"
test_0033,৫ বার
test_0034,পরীমনিকে জিজ্ঞাসাবাদের জন্য একাধিকবার পুলিশ হেফাজতে রেখে নিয়ম লঙ্ঘন করার মামলায়
test_0035,কুমার নদ
test_0036,ধর্মীয় জীবনকে সমৃদ্ধ করে এবং আধ্যাত্মিক উন্নতির জন্য সহায়তা করে
test_0037,"ক্রাসনোগর্স্ক, রাশিয়া"
test_0038,বাংলাদেশ
test_0039,সহ-শিক্ষা ব্যবস্থা
test_0040,Apiaceae
test_0041,সুভাষচন্দ্র
test_0042,context e tottho nei
test_0043,কানাডার মন্ট্রিয়লে
test_0044,এএফসি কোটা
test_0045,দ্বিতীয় বিবরণ ২৪:৫
test_0046,উর্দু কবি এবং গীতিকার
test_0047,২০২২ সালে
test_0048,১৬ মাস
test_0049,পশ্চিমবঙ্গ বিধান পরিষদের সদস্য এবং পরিবহন মন্ত্রী
test_0050,২০২৪
test_0051,২০১৫ সালে
test_0052,১৯৯৫ সালে
test_0053,ব্রিটিশ
test_0054,উচ্চ জার্মান ব্যঞ্জনধ্বনি সরণ
test_0055,একটি গাছ
test_0056,ক্রোমিয়াম(II) ব্রোমাইড ও হাইড্রোজেন ব্রোমাইড
test_0057,"সাংস্কৃতিক সপ্তাহ, বক্তৃতা, বিতর্ক ও রচনা প্রতিযোগিতা, শিক্ষা সফর, বার্ষিক ক্রীড়া অনুষ্ঠান, জাতীয় দিবস উদযাপন, নবীনবরণ,"
test_0058,১৯২২
test_0059,ফেব্রুয়ারী ২০০৮ সালে
test_0060,ফিদে মাস্টার এবং নারী আন্তর্জাতিক মাস্টার
test_0061,একসাথে বসবাস করা বা ঘনিষ্ঠ সাহচর্য
test_0062,তিরুভাল্লুর বিধানসভা কেন্দ্র
test_0063,২০০৪ থেকে
test_0064,সোনি বিএমজি রাশিয়া
test_0065,গ্রাফিম
test_0066,সিজিয়াম এবং সালফার
test_0067,রোনাল্ড ফিশার
test_0068,বাংলাদেশ মিলিটারি একাডেমি
test_0069,হাম তুম
test_0070,বিচারক ও বিনিয়োগকারী
test_0071,যৌথ অভিযান পরিচালনা করে এবং হঙ্গুর স্থানীয় টিটিপি কমান্ডারকে গ্রেপ্তার করে
test_0072,৯টি স্তবক
test_0073,পশ্চিমবঙ্গ
test_0074,১৬০৭-১৬০৮ খ্রিস্টাব্দের মধ্যে
test_0075,কথা বলতে তাড়াহুড়ো
test_0076,২০২০ সালের ফেব্রুয়ারিতে
test_0077,রাজর্ষি জনক বিশ্ববিদ্যালয়
test_0078,১৯৪৯
test_0079,"ভিভা, ভিভা এ ফ্রেলিমো"
test_0080,"সেই ব্যক্তিকে বোঝায়, যিনি সমস্ত আকাঙ্ক্ষা পরিত্যাগ করেছেন এবং ভিতরে শান্তি লাভ করেছেন"
test_0081,আত্মাদের দ্বারা বসবাসকারী জগত বা রাজ্য
test_0082,"১৪ ফেব্রুয়ারি, ১৯০০"
test_0083,মাদ্রাজ ফুটবল দল
test_0084,পরিচালনা পর্ষদ
test_0085,নেদারল্যান্ডস
test_0086,একটি দ্ব্যর্থতা নিরসনকারী পাতা
test_0087,মশীহ এবং ঈশ্বরপুত্র
test_0088,বাংলা ও ইংরেজি
test_0089,"দুর্ভিক্ষ, খরা ও রোগব্যাধি"
test_0090,১৯১৬
test_0091,নিউ ইয়র্ক
test_0092,কনজুগেশনের মাধ্যমে একটি এফ-সেলে একটি Hfr সেল থেকে জেনেটিক উপাদান স্থানান্তর
test_0093,২০০৮
test_0094,১৮০০ থেকে ১৮০৪ সাল
test_0095,শিয়ালদহ–নামখানা লাইন
test_0096,দাদাসাহেব ফালকে পুরস্কার
test_0097,প্রথম বিশ্বযুদ্ধ
test_0098,২০১৪
test_0099,২০০০ সালে
test_0100,৩ বার
test_0101,২০১৮
test_0102,এইচ.জে. রাউন্ডের হাইড্রোজেন আর্ক ট্রান্সমিটার
test_0103,কসাইখানা
test_0104,থেমে আছে বা পিছিয়ে পড়েছে
test_0105,চোখের মতো দেখতে ফোঁটা দাগ
test_0106,"মৃতদেহ মমি বা রাসায়নিক উপায়ে সংরক্ষণ করা, কবর বা গোর দেওয়া, দাহ করা, পোশাকে সজ্জিত করা এবং"
test_0107,পুরোনো ও অনিরাপদ হওয়ায়
test_0108,১৯৮৮ সালে
test_0109,মামুনের মেয়াদে এবং নাশিদের মন্ত্রিসভায়
test_0110,ফিল্ড হকি
test_0111,"বায়ু দূষণ, জল দূষণ, মাটি দূষণ, রাসায়নিক পদার্থ, শব্দ দূষণ এবং বর্জ্য"
test_0112,প্রাচীন কাল
test_0113,"২০২২, ২০৫৮"
test_0114,স্বাস্থ্যের কারণে
test_0115,পঞ্চ-চিহ্নিত ভারতীয় মুদ্রা
test_0116,নামতত্ত্ব
test_0117,২০০৩ সালে
test_0118,১০০ নম্বর
test_0119,এন্ডেমিক স্কেলেটাল ফ্লুরোসিস
test_0120,নিউসিস পদ্ধতি বা দাগকাটা স্কেল
test_0121,"আলো, উজ্জ্বলতা, উজ্জ্বলিত, জাঁকজমক, চেতনার আলো"
test_0122,"২০১৭ সালের ২ জুন, নৈতিক স্খলন এবং প্রেসে পার্টির গোপনীয়তা ফাঁস করার অভিযোগের জন্য"
test_0123,তোলিয়া নিকিপ্রউইজকি
test_0124,চৌহান রাজপুতদের
test_0125,৮ সেপ্টেম্বর ২০২৩
test_0126,২৮ মে ২০০৯
test_0127,মার
test_0128,আশ্চর্য শিশু
test_0129,"বিচ্ছিন্ন এবং অবিচ্ছিন্ন র্যান্ডম ভেরিয়েবল, সম্ভাব্যতা বন্টন এবং স্টোকাস্টিক প্রক্রিয়াগুলি"
test_0130,ছয়-তলা হেলিকাল র্্যাম্প এবং একটি কেন্দ্রীয় সিলিং স্কাইলাইট
test_0131,মার্কিন যুক্তরাষ্ট্র এবং কানাডায়
test_0132,৭৯ বছর
test_0133,তিনটি উপ-প্রণালীর একটি হিসেবে
test_0134,হলেনহর্স্ট প্লাক বর্ণনা করার জন্য
test_0135,"রাজনৈতিক-সামাজিক-সাংস্কৃতিক শোষণ, নির্যাতন, অত্যাচার অনাচারের বিরুদ্ধে গণ মানুষকে উদ্দীপ্ত করা"
test_0136,Apocynaceae
test_0137,'ফতেহ' শব্দ থেকে 'ফতেহ পুর' এবং তা থেকে 'ফতেপুর' নামের উৎপত্তি
test_0138,২০২৪ সালে
test_0139,অত্যন্ত কম
test_0140,মাই ডগ শীপ
test_0141,দূর UV স্বচ্ছতা
test_0142,ভগবান জগন্নাথ এবং মা বিমলা
test_0143,শ্রেণিক্রম
test_0144,হৃদ ও অন্তররোগ চিকিৎসা
test_0145,কল্পকাহিনী এবং দর্শন
test_0146,৯.৮%
test_0147,আল রাইয়ান
test_0148,কুয়েত সিটির সুররা এলাকা
test_0149,১৮তম
test_0150,নৃবিজ্ঞান
test_0151,গায়িকা
test_0152,দুটি
test_0153,বেশি
test_0154,২২৭.৯২ বর্গ কিলোমিটার
test_0155,no answer
test_0156,২০১৪
test_0157,কাজ-সম্পর্কিত ফাংশনগুলি
test_0158,৩(বি)১ ধারা
test_0159,বাংলাদেশ
test_0160,"সিঙ্গাপুর, মালয়েশিয়া, হংকং এবং চীন"
test_0161,"সর্বোচ্চ সীমা, চূড়া এবং সুবিন্দু"
test_0162,কিছু মানুষের মধ্যে বহুবিবাহের প্রচলন ছিল
test_0163,১০ সেকেন্ডের কম সময়ে বুট করা
test_0164,পণ্ডিত রাম নারায়ণ
test_0165,ফ্রি জ্যাজ
test_0166,বিকল্প ট্রান্সলেশন টেবিল ব্যবহার করার প্রয়োজন
test_0167,"বাতাস, বায়ু, হাওয়া"
test_0168,১৭ নভেম্বর ১৯৪৮
test_0169,১৯৭৫
test_0170,ব্লোটওয়্যার-মুক্ত সংস্করণ
test_0171,একসময় কোনো দেশের সীমানা পেরোতে ভিসা প্রয়োজন ছিল না
test_0172,রাঁচি বিশ্ববিদ্যালয়
test_0173,৬ মাস
test_0174,১৭ নভেম্বর ২০১৮
test_0175,ফরাসি ঔপনিবেশিক শাসনের বিরুদ্ধে বিদ্রোহের কেন্দ্রীয় ব্যক্তিত্ব হিসেবে এবং অঞ্চলটির ইতিহাস ও স্বাধীনতা সংগ্রামের অন্তর্দৃষ্টি প্রদান করে
test_0176,১৯৭৪
test_0177,মুলুর পুরস্কার
test_0178,২০০৮ সালের মাঝামাঝি সময়ে
test_0179,নাউরু
test_0180,মার্কিন যুক্তরাষ্ট্র
test_0181,জ্যোতির্বিদ্যা এবং অন্যান্য উদ্দেশ্য
test_0182,৩১ মার্চ ১৯৮৯
test_0183,কন্দ লাগিয়ে
test_0184,বার্ষিক বিচ সকার টুর্নামেন্ট
test_0185,ডব্লিউডব্লিউএফ
test_0186,বেঙ্গল কমার্শিয়াল ব্যাংক
test_0187,বেসলাইন ডট
test_0188,৭.৫ সেন্টিমিটার
test_0189,"পেরেক ঠোকা, খণ্ড জোড়া দেওয়া, ধাতুকে বাকানো বা ভেঙ্গে ফেলার কাজে"
test_0190,ভারতে আশ্রয়গ্রহণকারী বাংলাদেশী শরণার্থীগণ
test_0191,ইতালির জাতীয় দল এবং বিভিন্ন বয়সভিত্তিক দলের হয়ে রক্ষণভাগের খেলোয়াড় হিসেবে খেলা
test_0192,মস্তিষ্কের কোন বৈশিষ্টের দ্বারা মানুষ ইতিবাচক ও নেতিবাচক অণুভূতিগুলোকে পৃথক করতে সক্ষম হয়
test_0193,উমাইয়া রাজবংশ ও আব্বাসী রাজবংশ
test_0194,পড়ে গিয়ে আঘাতের কারণে
test_0195,৭.৫ মিলিয়ন ডলার
test_0196,কৈলাসের নিকটে
test_0197,প্রায়-বিবৃত সম্মুখ অকুঞ্চিত স্বরধ্বনি
test_0198,২০১০
test_0199,অকল্যান্ড বিশ্ববিদ্যালয়
test_0200,কিরচাঁদ গান্ধী
test_0201,১৬ এপ্রিল ২০০০
test_0202,ন্যাশনালিস্ট শিব আর্মি
test_0203,"মিউজিক্যাল কমেডি, শারীরিক কমেডি, চরিত্র কমেডি"
test_0204,ফেমিনিস্ট নেটওয়ার্ক
test_0205,ইন্দো-আর্য
test_0206,লোকসভা
test_0207,প্রায় ৭ টায়
test_0208,২০১৩ সালে
test_0209,৬ জন
test_0210,ইএএফএফ চ্যাম্পিয়নশিপ এবং এএফসি কাপ
test_0211,কিশোর মোহন বসাক এবং ব্রজ কিশোর বসাক নামের দুই ব্যক্তির নাম থেকে এসেছে অথবা কিশোয়ার থেকে উৎপত্তি হয়েছে
test_0212,৩ নম্বর বিভাগ
test_0213,মালদ্বীপ জাতীয় প্রতিরক্ষা বাহিনী
test_0214,২০০৯ সালে
test_0215,পূর্ব এশীয় গেমস অনুষ্ঠিত হয়েছে এমন বছর
test_0216,লোক কুস্তি শৈলী
test_0217,পঞ্চপান্ডব ও কুন্তী
test_0218,আ রিভার রান্‌স থ্রু ইট ও ইন্টারভিউ উইথ দ্য ভ্যাম্পায়ার
test_0219,ব্রিটিশ আমলে প্রচুর বেলগাছ ছিল বলে
test_0220,অর্থের বর্জনীয়করণ
test_0221,"৩০ জুন, ২০০৯"
test_0222,১০০ কিলোগ্রাম
test_0223,প্রায় পঞ্চাশ বছর
test_0224,পশ্চিমবঙ্গ
test_0225,কবিতায় ব্যবহৃত সমস্ত সাহায্য প্রত্যাখ্যান করে এবং বাইরের কোনো রকম ঘুষ না নিয়ে
test_0226,অনুর্ধ-১৩
test_0227,ছা ছা শহর
test_0228,চীনা-তিব্বতি
test_0229,১০টি
test_0230,"এফডিএ, ইউরোপীয় নিয়ন্ত্রক সংস্থা এবং ইউনাইটেড স্টেট ফার্মাকোপিয়া"
test_0231,এ লেভেল পরীক্ষার পূর্ব মুহূর্তে
test_0232,ঢাকা বিশ্ববিদ্যালয়
test_0233,১৪ নভেম্বর ২০২৩
test_0234,জানা যায় না
test_0235,১৯৯৭ সালে
test_0236,০
test_0237,১৯৯৫ সালে
test_0238,হাউস অব প্রিন্স
test_0239,জার্মান
test_0240,ভারতীয়
test_0241,১৬৮৫ এবং ১৬৮৬ সালে
test_0242,মাজার-ই-শরিফে
test_0243,চাতান্নুরে গভর্নমেন্ট লোয়ার প্রাইমারি স্কুল
test_0244,২০১৫ সালের মে
test_0245,শেখ হাসিনা
test_0246,তেল
test_0247,প্রজ্ঞার জন্য
test_0248,"সংগঠিত অঞ্চল, প্রস্তাবিত ও ব্যর্থ রাজ্য, অস্বীকৃত বিচ্ছিন্ন রাজ্য, আন্তর্জাতিক ও আন্তঃরাজ্য ক্রয়, দায় ও জমি অনুদান,"
test_0249,স্যাগ-অ্যাফট্রা
test_0250,ভোটারদের
test_0251,দ্য টেলিগ্রাফ ইন্ডিয়া এবং ডেকান ক্রনিকল
test_0252,গ্রেফতার করে ঢাকা নিয়ে যায় ও প্রহসনের বিচারের মাধ্যমে কারাগারে নিক্ষেপ করে
test_0253,মারদানে
test_0254,বাংলাদেশ ও ভারত
test_0255,"২২ ডিসেম্বর, ২০২৩"
test_0256,বাংলা
test_0257,"যাযাবর ইরানি জনগোষ্ঠী, শকদের নামাঙ্কিত বর্ষপঞ্জি, বৈদ্যুতিক শক, সংবহন তন্ত্রের"
test_0258,"জৈব রসায়ন শুধুমাত্র জৈবিক দিকগুলোতে জোর প্রদান করে, আর প্রাণ-জৈব রসায়ন জীববিজ্ঞানের জৈব-রাসায়"
test_0259,১৪২১ সালে
test_0260,নিউল্যান্ডস ক্রিকেট গ্রাউন্ড
test_0261,জেরুজালেমের পুরাতন শহরের মাকাম পশ্চিমের উত্তরে স্ট্রস স্ট্রিটে
test_0262,"১২ই এপ্রিল, ১৯৪০"
test_0263,১৯১২
test_0264,বাংলাদেশ
test_0265,২০২০ সালে
test_0266,বুলবুল আহমেদ ও জয়শ্রী কবির
test_0267,প্রায় ১৮০ জন
test_0268,বামবার্গে
test_0269,মার্কিন যুক্তরাষ্ট্রের ছাত্ররা
test_0270,কামোদ্দীপক অঙ্গপ্রত্যঙ্গ
test_0271,২০১৪
test_0272,উগান্ডার
test_0273,মন্দির
test_0274,৮২%
test_0275,জেঠী ও তক্ষক
test_0276,১৯৭২ সালে
test_0277,২১ এপ্রিল ১৯৭৭
test_0278,স্পেন
test_0279,যেকোনো দুজন A মানের প্রতিযোগীকে
test_0280,ওয়েদারহেড স্কুল অফ ম্যানেজমেন্ট
test_0281,দ্বিতীয় বিশ্বযুদ্ধের পরে
test_0282,জানুয়ারি ২০১৮
test_0283,গোর্খা লীগ
test_0284,"পারফরমেন্স কেমিক্যালস, রেলপথ পণ্য এবং পরিষেবা, ইউটিলিটি এবং শিল্প পণ্য, এবং কার্বন উপাদান এবং রাসায়নিক"
test_0285,খেরসন
test_0286,"ট্যাটুইন, জিওনোসিস ও জাক্কু"
test_0287,"ফুসফুসের ক্ষতি, শ্বাসকষ্ট এবং বুক শক্ত হয়ে যাওয়া"
test_0288,২২ ডিসেম্বর ১৯৩২
test_0289,ইতালি
test_0290,"অপরাধীদের সাথে নৈতিক আলোচনার প্রচেষ্টা, তাদের ক্রিয়াকলাপকে নিন্দা করা এবং তাদের 'অনুশোচনা' সুরক্ষিত করার আশা করা, যার ফলে"
test_0291,এইচআইভি ভাইরাস
test_0292,মেমন এবং অন্যান্য গুজরাতি মুসলিম সম্প্রদায়
test_0293,"কৃষি, শিল্প ও সেবা সেক্টরে"
test_0294,"বেইজিং গুয়ান, গুয়াংজু এভারগ্রান্ডে"
test_0295,খ্রিস্টান মিশনারিদের
test_0296,নিজস্ব ভাষায়
test_0297,২২ ডিসেম্বর ১৯৯৯
test_0298,ক্যালভিনের
test_0299,কল্যাণী বিশ্ববিদ্যালয়
test_0300,১ জানুয়ারি ১৯৫৪ (মেহেরপুরের রাজনীতিবিদ) / ২৯ অক্টোবর ১৯৩৮ (জঙ্গিপুরের রাজনীতিবিদ)
test_0301,অন্তত ৫৬ কিলোমিটার / ঘণ্টা
test_0302,ন্যারো গেজ রেল লাইন
test_0303,"মতিঝিলের চার স্থানে বোমা বিস্ফোরণ ঘটানো, বৃহত্তর ঢাকায় গেরিলা যুদ্ধ পরিচালনা এবং ইউনিট কমান্ডার হিসেবে পাকিস্তান সেনাবাহিনী ও রাজাকার বাহিনীর বিরুদ্ধে যুদ্ধ করা"
test_0304,"লাল, কমলা-লাল বা গাঢ় লাল; শুভ প্রতীক"
test_0305,জরায়ু দেহের পশ্চাৎপূর্ব স্থানে
test_0306,প্রসারণযোগ্য উপাদান
test_0307,"২০ ডিসেম্বর, ২০১৮"
test_0308,ভারতীয় জনতা পার্টি
test_0309,সপ্তম শতাব্দী
test_0310,এক মিলিয়নেরও বেশি
test_0311,নিজেদের রেকর্ড লেবেল খুলে অ্যালবাম বিক্রি করে
test_0312,ভিড়ের সময়
test_0313,দ্বারকা
test_0314,দিস প্রেজেন্ট ডার্কনেস এবং পিয়ার্সিং দ্য ডার্কনেস
test_0315,"১৬ মার্চ, ১৯৩৫"
test_0316,কিত্তনখোলা
test_0317,ঘরোয়া গান বা হিপহপ গান
test_0318,ভঙ্গিতে দক্ষতা যোগের লক্ষ্যগুলি তৈরি করে না
test_0319,১৯৪৯
test_0320,"২,৫৫৫"
test_0321,গ্রিক পুরাণ
test_0322,হাতের সাহায্যে ছুঁড়ে একপ্রান্ত থেকে অপর প্রান্তে
test_0323,প্রজাতি ধারণার অভাব এবং প্রাণীদের শারীরিক বৈশিষ্ট্য সম্পর্কে তথ্যের স্বল্পতার কারণে
test_0324,নবীনগর থানা
test_0325,ইয়র্কশায়ারের বেনিংব্রো হল এবং সমারসেটের মন্টাকিউট হাউস
test_0326,পূর্ব বর্ধমান
test_0327,ভারত
test_0328,মুলুঙ্গু দালিটসা মালাউই
test_0329,"ইংল্যান্ড, স্কটল্যান্ড ও ওয়েলস"
test_0330,খাইবার পাখতুনখোয়া
test_0331,১৯২৮ সালের শুরুতে
test_0332,পিপলস ম্যানপাওয়ার পার্টি
test_0333,"৩,৩৬৪ একর"
test_0334,সীমাবদ্ধ
test_0335,"""একজন ঈশ্বর আছেন"", ""একটিই বাস্তবতা"", ""এই সত্ত্বা একক"""
test_0336,ভারতীয় মহিলা লিগ
test_0337,জয়ললিতা জয়রামের নেতৃত্বাধীন এআইএডিএমকে-র সমর্থন প্রত্যাহার
test_0338,সাত বছর
test_0339,"দ্বিতীয় এরেখথেউস, বৌতেস, ফিলোমেলা ও দ্বিতীয় কেক্রপ্স"
test_0340,২০১৫ থেকে ২০১৬
test_0341,"৩নং, ৪নং, ৫নং ও ৬নং ওয়ার্ড"
test_0342,১৯৭২ থেকে ১৯৭৮ সাল পর্যন্ত
test_0343,জাতীয় চলচ্চিত্র পুরস্কার
test_0344,উন্নত মানের জীবন
test_0345,মুহাম্মাদ
test_0346,সিলন (বর্তমান শ্রীলঙ্কা)
test_0347,"কবি, প্রাবন্ধিক, লোকসংস্কৃতিবিদ, গীতিকার ও শিশুসাহিত্যিক"
test_0348,হেস্পেরিদেসের সোনার আপেলগুলোর
test_0349,সেরিফস
test_0350,ট্রাক ড্রাইভার
test_0351,এশিয়া
test_0352,৬/৯
test_0353,সিনাপটোনেমাল কমপ্লেক্স বিচ্ছিন্ন এবং হোমোলোগাস ক্রোমোজোমগুলি একে অপরের থেকে কিছুটা দূরে সরে যাওয়ার পরে
test_0354,সন্ন্যাসীদের প্রশিক্ষণের অপরিহার্য অংশ
test_0355,বিলুপ্ত
test_0356,ভারতীয় জাতীয় কংগ্রেস
test_0357,ভারতবর্ষের বেশিরভাগ অংশে
test_0358,তফ্‌সিল ২
test_0359,"২৯ আগস্ট, ২০২৪"
test_0360,বহিরাবরণীর নিচে দড়ি বা রজ্জুর মাধ্যমে ঝুলে থাকে
test_0361,খেতা
test_0362,৪ সেপ্টেম্বর
test_0363,লালেলিতে তার বাবার টেক্সটাইল দোকানের নাম সিনজানোউয়ের ঘন ঘন ভুল উচ্চারণ থেকে
test_0364,২০১৮ খ্রিস্টাব্দ
test_0365,একজন শীর্ষস্থানীয় কানাডীয় কূটনীতিককে
test_0366,প্রায় একই হতে হবে
test_0367,জনতা পার্টি
test_0368,ঠাকুরগাঁও জেলা মহিলা লীগের সভাপতি
test_0369,১৯৯৩ সালে
test_0370,বিংশ
test_0371,তৃতীয় থেকে নিচের স্থান
test_0372,চলচ্চিত্র নির্মাতা
test_0373,রাজ্যসভা
test_0374,জাটল্যান্ডের যুদ্ধ
test_0375,মানসিক অবস্থা
test_0376,ভারতের কমিউনিস্ট পার্টি
test_0377,মহকুমা কর্মকর্তা (এসডিও)
test_0378,নানা অনুষ্ঠানের আয়োজন
test_0379,খ্রিস্টধর্ম
test_0380,মালিক অথবা তারিক বিন আউসে
test_0381,চারজন
test_0382,নিসর্গ সহায়তা প্রকল্প
test_0383,"জুড কোয়ার্ড নিকোল, টম হল্যান্ডার, ইদ্রিস এলবা এবং গ্যাব্রিয়েল বার্ন"
test_0384,বৈবাহিক কারণ আইন ১৯৭৩-এর ধারা ১১
test_0385,আসাম এবং ত্রিপুরা
test_0386,সর্বভারতীয় তৃণমূল কংগ্রেস
test_0387,"একটি পদক, একটি মানপত্র ও নির্দিষ্ট পরিমাণ আর্থিক পুরস্কার"
test_0388,ঢাকা বিশ্ববিদ্যালয়
test_0389,আন্তঃহ্যালোজেন যৌগ
test_0390,১৮৫৪ সালে
test_0391,একটি অস্থায়ী সংবিধান রচনা করা এবং এই সময়কালে দেশ পরিচালনা করা
test_0392,বিতর্ক
test_0393,এলজিভি আন্তঃসংযোগ পূর্ব
test_0394,ক্যালিফোর্নিয়ার বার্কলেতে
test_0395,রানাঘাট উত্তরপূর্ব
test_0396,হাসপাতালে
test_0397,স্বল্প খরচ
test_0398,রাজা ভীমের কন্যা দময়ন্তীর
test_0399,মিস ইউনিভার্স নেপাল ২০২৩
test_0400,নরসিংদী
test_0401,সাংস্কৃতিক কেন্দ্র ও জাদুঘর
test_0402,"মালয়েশিয়া, অস্ট্রেলিয়া এবং নিউজিল্যান্ড"
test_0403,রুবাইয়াত হাবীব ও তার দল
test_0404,ঐশ্বরিক দৃষ্টি দান করে
test_0405,"নারীদের শিক্ষা, বিধবাদের পুনর্বিবাহ এবং বাল্যবিবাহ প্রতিরোধ"
test_0406,দরিদ্রদের জন্য বিদ্যালয় তৈরি করতে সাহায্য করেছিলেন
test_0407,১৯৭৭
test_0408,২০১৯ সালে
test_0409,রঙ্গনাথস্বামী মন্দির
test_0410,"পণ্য ও সেবা পরস্পর বিনিময়ের মাধ্যমে এবং বর্ণাশ্রম ও প্রচলিত প্রথার দ্বারা অর্থনৈতিক, সামাজিক ও ধর্মীয় বিষয় নিয়ন্ত্রণের মাধ্যমে"
test_0411,২৭ জানুয়ারী ২০১৯
test_0412,সৌরজগতের বাইরে বিচরণশীল ধূমকেতু
test_0413,১৯৭২
test_0414,বিতর্কিত বিজ্ঞাপন
test_0415,১৮৯৫ - ১৯৮০
test_0416,"গুরুদাসনগর, উকিলেরহাট, কাকদ্বীপ, উত্তর রাধানগর, কুলপি এবং সংগ্রামপুর রেলওয়ে স্টেশনে"
test_0417,সুভাষ চন্দ্র বসু
test_0418,স্মার্টফোন ও ট্যাবলেট
test_0419,"জাইল্যান, গ্লুকুরোনোজাইল্যান, অ্যারাবিনোজাইল্যান, গ্লুকোমান্নান এবং জাইল"
test_0420,"বৈদেশিক সাহায্যের বিড, বাণিজ্য সম্প্রসারণ, জনশক্তি রফতানি"
test_0421,ওমানি জোটবদ্ধ বিমলদের
test_0422,২২ বছর
test_0423,সার্মসুক পাবলিক কোম্পানি লিমিটেড
test_0424,নেক এন্ড
test_0425,৭৮৪ কোটি টাকা
test_0426,প্রাচীন গ্রীকদের ব্যবহৃত দ্বন্দ্ববাদ যুক্তি
test_0427,ইংল্যান্ড
test_0428,১২৫টি দেশে প্রায় ৮ কোটি ৯০ লক্ষ বাসায়
test_0429,লে গার্লস
test_0430,সমন্বয় কমিটির সাথে চরণ সিং-এর বিচ্ছিন্নতা
test_0431,১৪০৫ সালের নভেম্বর
test_0432,কাঁচা পাতা
test_0433,আয়ন সরবরাহ করে যা কারেন্ট বহন করে এবং তুলনামূলকভাবে ধ্রুবক pH বজায় রাখতে সাহায্য করে
test_0434,৩ এপ্রিল ২০২৩
test_0435,ন্যাশনাল আওয়ামী পার্টি (ভাসানী)
test_0436,কুম্মানম রাজশেখরন
test_0437,নবম শতাব্দী
test_0438,শ্রীমতী সোনা দেবী শেঠি চ্যারিটেবল ট্রাস্ট
test_0439,৪টি
test_0440,উইঘুরদের একটি শাখা
test_0441,২০২৩
test_0442,১৬০০ শতকের দিকে
test_0443,"হুকুমত, তহলকা, গদর: এক প্রেম কথা, আপনে, গদর ২"
test_0444,অন লাইফ টু লাইফ
test_0445,"সেপ্টেম্বর ১৩, ১৯৭৯"
test_0446,মাইক্রোওয়েভ বা অতি ক্ষুদ্র কম্পাঙ্কের তড়িৎ চৌম্বকীয় তরঙ্গ ব্যবহার করে
test_0447,দেবপ্রসাদ গুপ্ত
test_0448,PmF3
test_0449,১৯৭৯
test_0450,লাতভিয়ার রিগায়
test_0451,৪০ কেলভিন
test_0452,২৫শে সেপ্টম্বর রাত্রি দশ ঘটিকার সময়
test_0453,একত্রিত এবং সংকুচিত
test_0454,দ্রাবিড় মুনেত্র কড়গম
test_0455,গর্গ মুনি
test_0456,তাত্ত্বিকভাবে বেআইনি কিন্তু প্রথাগত আইনের ব্যবস্থা দ্বারা স্বীকৃত
test_0457,বিবেকের বন্দী হিসেবে স্বীকৃতি এবং পরবর্তীতে মুক্তি
test_0458,সামাজিক বিজ্ঞান
test_0459,জলজ প্রাণী
test_0460,ডায়োডোনটিডি
test_0461,"মথুরা, নাসিক, অপরান্ত, লতা, খানদেশ, বিদর্ভ এবং জুনাগড়"
test_0462,১৫ জুলাই ২০২৩
test_0463,গভীরভাবে খাঁজকাটা এবং অলংকরণে ভরপুর
test_0464,"উৎপাদক, সমবায়, আমদানিকারক এবং প্রক্রিয়াজাতকারীদের দ্বারা ন্যায্য বাণিজ্যের আইনগুলো এড়িয়ে গিয়ে লাভবান হওয়ার"
test_0465,বিস্কে উপসাগর
test_0466,রংপুর সিটি কর্পোরেশন
test_0467,২০০৭ সালে
test_0468,no answer
test_0469,আফগান ভূখণ্ডে বিক্ষিপ্ত গোলাবর্ষণ
test_0470,দিল্লীর জামে মসজিদ বা তাজের মিনারিকা
test_0471,মালদ্বীপের আর্থিক বিষয়গুলি পরিচালনা করার জন্য
test_0472,৫২.৬৬%
test_0473,উইলার্ড বিমানবন্দর
test_0474,"ধাপুর, পামোর এবং টেংগাহের উপর"
test_0475,সেইয়ু (অ্যানিমে অভিনেত্রী)
test_0476,আটলান্টিস রিসর্ট
test_0477,মধ্যপ্রদেশ
test_0478,আইমিনাথ নাদিরা এবং শাজায়েল শিয়াম
test_0479,২০২৪
test_0480,মন্টিনেগ্রো
test_0481,"পারকিন্সগঞ্জ, শওগঞ্জ এবং প্রতাবগঞ্জ।"
test_0482,১২টি
test_0483,হার্ভি
test_0484,আধুনিক মালয়ালম ভাষার পিতা ও মালয়ালমের প্রধান কবি
test_0485,ভানুর বিধানসভা কেন্দ্র
test_0486,হিন্দি সিনেমায় দেখানো বিষয়াদির সত্যতা পরখ করতে
test_0487,কমিউনিস্ট পার্টি অফ চায়না ও কুয়োমিনতাং
test_0488,১৭.৭১
test_0489,নাগরিক আইনের অধীনে বহুবিবাহের আইন নিয়ে বিতর্ক
test_0490,৯ অক্টোবর ২০২১
test_0491,তাহমিদুর রহমান
test_0492,মোহন ভাগবত
test_0493,উল্লম্বভাবে ঝুলিয়ে
test_0494,২০১১ সালে
test_0495,ক্রাসনায়া জেভেজদা
test_0496,শ্রমিক শ্রেণীর দ্বারা উৎপাদিত সম্পত্তির থেকে পরোক্ষ আয়ের মাধ্যমে মালিক কর্তৃক অর্থ আত্মসাৎ এবং শোষণের প্রতিফলন হিসেবে
test_0497,গ্রামের নির্বাচিত প্রতিনিধি
test_0498,ভারতীয় রাজনীতিবিদ
test_0499,একটি নির্দিষ্ট নেটওয়ার্কে ট্র্যাফিকের পরিমাণ এবং প্রকার পরিমাপ
test_0500,وَ اذْকুরْ فِي الْকিতাবি মারইয়াম
test_0501,"নৃতত্ত্ববিদ, সমাজতত্ত্ববিদ ও ঐতিহাসিক"
test_0502,দ্বীপের দক্ষিণ প্রান্তে
test_0503,২
test_0504,পরিশিষ্ট ১-এর দেশসমূহ অংশে
test_0505,২০০৪ অলিম্পিকে
test_0506,১৮৬০ সালের আইন ২১
test_0507,৪৭৬৬.৯৭ মেঃ টন
test_0508,১৯৯৫ সালের হিসাবে
test_0509,ব্যক্তি এবং চলচ্চিত্র
test_0510,"ফিনল্যান্ড, সুইজারল্যান্ড, গ্রীস, বেলারুশ, রাশিয়া, ইন্দোনেশিয়া, মার্কিন যুক্তরাষ্ট্র, ব্রাজিল, জাপান এবং"
test_0511,ধাত্রে ভাসমান অবস্থায়
test_0512,তিন মাস
test_0513,পিএমএফটিসি
test_0514,মারভিন লিওনার্ড গোল্ডবার্গার
test_0515,১৯৯১ সাল থেকে
test_0516,যুদ্ধে অবরোধের জন্য ব্যবহৃত এক প্রকার কামান
test_0517,"অপরাধ, শিক্ষা, অভিবাসন, আগ্নেয়াস্ত্র নিয়ন্ত্রণ, স্বাস্থ্যসেবা, গর্ভপাত অধিকার, এলজিবিটি অধিকার, অর্থনৈতিক"
test_0518,গুরু নানক
test_0519,মেডিক্যাল সোসাইটি অফ কানেটিকাট
test_0520,জি গৌরব এবং মাতা সম্মান
test_0521,স্থানীয় সরকার বিষয়ক মন্ত্রণালয়
test_0522,৬%
test_0523,সিকিম
test_0524,সংসদ বিষয়ক প্রতিমন্ত্রী
test_0525,দুর্যোধন
test_0526,মেক্সিকান
test_0527,১৯৮৭
test_0528,জিউস
test_0529,কবিতার সংকলন
test_0530,ভারতীয় অভিনেত্রী
test_0531,দুর্বল হয়ে পড়ে
test_0532,নির্দিষ্ট ভূখণ্ডের রক্ষক
test_0533,পশ্চিমবঙ্গ
test_0534,২০১৪
test_0535,এনএক্সটি ব্র্যান্ডে নিযুক্ত ডাব্লিউডাব্লিউইয়ের লেখকরা
test_0536,"নির্বাচনের সমন্বয়ের জন্য একটি কাঠামো প্রস্তাব করা, বিশেষ করে পর্যায় ও সময়সীমা নির্ধারণ, সংবিধান ও অন্যান্য আইনে সংশোধনী প্রস্তাব করা এবং সংশ্লিষ্ট"
test_0537,৫ বর্গমাইল
test_0538,কেমব্রিজ বিশ্ববিদ্যালয়
test_0539,৭৫তম সন্তোষ ট্রফি
test_0540,৯৪ টি
test_0541,সিএএফএ মহিলা চ্যাম্পিয়নশিপ
test_0542,পাকিস্তান
test_0543,বহরমপুর সদর মহকুমা
test_0544,চেল্ডসুন্ড গির্জা
test_0545,২০০৯ সালের শেষের দিকে
test_0546,২০০২ সালে
test_0547,ভুলুয়ায়
test_0548,এলিজাবেথ
test_0549,১৯৪৫ থেকে ১৯৫২ সাল
test_0550,HUα এবং HUβ
test_0551,১০ম
test_0552,আল আহলি
test_0553,"মডেল, পর্নোগ্রাফিক অভিনেত্রী"
test_0554,ওসমানিয়া বিশ্ববিদ্যালয়
test_0555,সর্বভারতীয় আন্না দ্রাবিড় মুনেত্র কড়গম
test_0556,একজন অভিনেতা এবং একজন রাজনীতিবিদ
test_0557,অভ্যন্তরীণ ও বাহ্যিক সুপ্তিকাল
test_0558,৪র্থ বা ৫ম শতকে
test_0559,রাশিয়া
test_0560,আগস্ট ২০১২
test_0561,একটি সমাধানে উপনীত হওয়া
test_0562,কোনো সীমা নেই
test_0563,এইচএমভি'র চিফ অপারেটিং অফিসার
test_0564,২৫ বছর
test_0565,BiBr3
test_0566,২:০১.৪০সেকেন্ড
test_0567,জেফাইরুস
test_0568,"লি মিন-হিউন, কাং ইয়ং-জং, লি জুং-তেক, হান সুং-উক এবং লি পু"
test_0569,চট্টগ্রাম জেলা
test_0570,ইন্সট্রুমেন্টেশন যন্ত্রপাতি রক্ষনাবেক্ষন এবং যান্ত্রিক সমস্যা সমাধানে
test_0571,"অন্য ব্যক্তির আচরণের ইচ্ছাকৃত, ব্যক্তিগত এবং নিয়ন্ত্রণযোগ্য দিকটিতে"
test_0572,কার্ল মার্কস
test_0573,২৩ এপ্রিল ১৯২৮
test_0574,ইসলামি স্থাপত্য
test_0575,"হ্যানয়, ভিয়েতনাম"
test_0576,১৯৫৭ সালে
test_0577,২০০০
test_0578,২.৫ মিটার
test_0579,কমলা নেহেরু মেমোরিয়াল হাসপাতাল
test_0580,মেরিট
test_0581,মধুর রসের আস্বাদন লাভ করবে
test_0582,গর্ভোদক মহাসাগরের উপরে এবং মহাবিশ্বের নীচের অংশে সাতটি ভূমিতে
test_0583,মিশিগান
test_0584,নাম কি-ইল
test_0585,গয়নাদাতার ঋণ পরিশোধের জন্য
test_0586,অন্তত পঞ্চাশটি
test_0587,হিমালয়ান ফেমিনা মিস ন্যাচারাল বিউটি
test_0588,নিউজিল্যান্ড
test_0589,১৬৫০ - ১৭৪৫ খ্রিস্টাব্দ
test_0590,লাদাখ
test_0591,ত্রিপোলি
test_0592,পাপ্পু যাদব
test_0593,খন্তাকাটা খাল
test_0594,ডট ডিই ওয়েবসাইটটি থেকে ডট কম ওয়েবসাইটে ফাইল ট্রান্সফারের একটি প্রচেষ্টা হিসেবে
test_0595,১৯২৮
test_0596,২০১৬
test_0597,ইন্ডিয়ান কাউন্সিল অফ মেডিক্যাল রিসার্চ
test_0598,রাধা ফিল্ম স্টুডিও
test_0599,স্কুম
test_0600,১৯৮৯ সালে
test_0601,৩-আইসোপেনটেনআইল পাইরোফসফেটে
test_0602,১ বাইট দৈর্ঘ্যের অপকোড এবং প্রয়োজনীয় প্যারামিটার ব্যবহারের মাধ্যমে
test_0603,আডিডাস
test_0604,"আব দেখ খুদা কেয়া কর্তা হ্যায়, সিলসিলে এবং মালাল-ই-ইয়ার"
test_0605,"ইউরোপীয় টি-টোয়েন্টি চ্যাম্পিয়নশিপ ডিভিশন ওয়ান, বিশ্ব টি-টোয়েন্টি বাছাইপর্ব এবং বিশ্ব ক্রিকেট লীগ ডিভিশন"
test_0606,ছুটির তালিকা
test_0607,৩২জনের রাউন্ডে
test_0608,ওস্তাদ হায়দার বকস
test_0609,"লবণ, সুগন্ধি, প্রিজার্ভেটিব"
test_0610,অক্ষাংশ ও দ্রাঘিমাংশ
test_0611,"১,২৭,০০০ কপি"
test_0612,পল হ্যাম্লাইন ফাউন্ডেশন
test_0613,শায়খ আল-মাশায়খা আল-হাদরামিয়্যা
test_0614,চট্টগ্রাম বিভাগ
test_0615,&#৯২৩; এবং &#৯৫৫;
test_0616,দামেস্কে
test_0617,গেইল ডেভিস
test_0618,সাবান দিয়ে হাত ধোয়ার মাধ্যমে রোগের বিস্তার রোধ করার বিষয়ে সচেতনতা তৈরী করা
test_0619,কেরালা
test_0620,ঢাকা
test_0621,বিস্ময়কর ঈশ্বর বা বিস্ময়কর রক্ষক
test_0622,ইউনিটারিয়ান রাজনীতিবিদ
test_0623,হিমাচল প্রদেশ
test_0624,১৯৫৩ সালে
test_0625,১৩টি
test_0626,ফুটসাল ক্লাব চ্যাম্পিয়নশিপ
test_0627,কলকাতা গার্লস হাই স্কুল
test_0628,২০১৯ সালে
test_0629,১৬২৬ সালে
test_0630,"প্রতিফলিত বিচক্ষণতা, এক ধরনের সচেতনতা, তার সত্ত্ব পদ্ধতিতে বুদ্ধির কাজ"
test_0631,রিয়াজ
test_0632,৯৩৩
test_0633,"রিয়াদ, সৌদি আরব"
test_0634,২০২১ সালে
test_0635,হেলেনের
test_0636,১০ জুন ২০১৩
test_0637,নির্মাল্য
test_0638,২০০২
test_0639,স্বরাষ্ট্র মন্ত্রণালয়
test_0640,২০১১ সালে
test_0641,আধ্যাত্মিক জীবনে ফিরে আসতে
test_0642,হাজিরহাট থানা
test_0643,সুন্নি ইসলাম
test_0644,আসুস এবং বিএফজি টেকনোলজিস
test_0645,"পতাকা উত্তোলন, কুচকাওয়াজ, সামরিক প্রদর্শনী, পুরস্কার বিতরণী অনুষ্ঠান, দেশাত্মবোধক গান গাওয়া, বিনোদন এবং"
test_0646,"প্রামাণিক বৈষ্ণব গ্রন্থের ভাষ্য, সজ্জন-তোষণী পত্রিকা ও গৌড়ীয় প্রবন্ধ"
test_0647,"ইথলজি বিবর্তনীয় অভিযোজিত বৈশিষ্ট্যের উপর দৃষ্টিপাত করে, আর আচরণবাদ বিবর্তনীয় অভিযোজিততার উপর বিশেষ জোর না দিয়ে"
test_0648,"পানিচক্রের প্রভাবে পর্বতের গায়ে বরফ জমে, সেই বরফ গলা পানি পর্বতের গা থেকে নেমে আসে"
test_0649,লাউসেন
test_0650,ভারত
test_0651,দেউকালিয়ন ও পাইরা
test_0652,সোমযজ্ঞ
test_0653,টোয়েন্টি২০ আন্তর্জাতিক ক্রিকেট
test_0654,১১৭৪ সালে
test_0655,ইন্ডিয়ান সুপার লিগ
test_0656,হিতোপদেশ
test_0657,অনিল কাপুর এবং সুনিতা কাপুর
test_0658,১৪২টি
test_0659,নীরেন্দ্র বিনোদ সেন এবং লাবণ্য সেন
test_0660,১৯৫০-এর দশকে
test_0661,পণ্য ও পরিষেবার উপর ভোক্তাদের অভিযোগ গ্রহণ ও তা নিষ্পত্তি এবং ভোক্তাদের অধিকার সংরক্ষণ করার মাধ্যমে
test_0662,১৯৫৬
test_0663,গ্রিক পুরাণ
test_0664,দুইবার
test_0665,স্পেন অনূর্ধ্ব-১৬
test_0666,চারটি
test_0667,"শাস্ত্রীয় হিন্দু আইন এবং বেদের মতো ধর্মীয় গ্রন্থের প্রমাণের ভিত্তিতে এবং মনুস্মৃতি, যাজ্ঞবল্ক্যস্মৃতি, ধর্মশাস্ত্র"
test_0668,রানাঘাট
test_0669,শ্রমিক ও ব্যবস্থাপনা
test_0670,গ্রামীণ অবকাঠামো উন্নয়ন
test_0671,লেবেলের প্রয়োজনীয়তা বাতিল করা হয়েছিল
test_0672,সাম্প্রতিক পারফরম্যান্সের উপর ভিত্তি করে
test_0673,রাহুল শ্রীভদ্র ৭০ জন শিক্ষার্থীকে
test_0674,হাঙ্গেরিয়ান পিপলস রিপাবলিক
test_0675,চীনা ভারতীয়রা
test_0676,১৯৮৫
test_0677,২০০৮
test_0678,আট বছর
test_0679,ব্রাহ্মণ (বর্ণ) এবং ব্রাহ্মণ (হিন্দুশাস্ত্র) এর মধ্যে পার্থক্য
test_0680,সিলেট
test_0681,বেঙ্গালুরু মেট্রো রেল কর্পোরেশন
test_0682,ইন্দো-আর্যরা
test_0683,হিন্দু ধর্মগুরু এবং বৈষ্ণব রুদ্র-সম্প্রদায়ের প্রতিষ্ঠাতা
test_0684,মৌলিক আয়োডিন
test_0685,উত্তর-পূর্ব
test_0686,মর থেংগারি
test_0687,বেইজিং অলিম্পিক ২০০৮-এর সরকারি ওয়েবসাইট
test_0688,১৯৫৯ খ্রিস্টাব্দে
test_0689,রাশিয়া
test_0690,ভেজে খেয়েছেন
test_0691,"ইমান, ইলেম, আমল"
test_0692,প্রদত্ত Context-এ শ্যানজিয়াং মসজিদের কথা উল্লেখ নেই।
test_0693,রূপ গোস্বামী ও সনাতন গোস্বামী
test_0694,ভারতীয় সংখ্যা পদ্ধতি অনুযায়ী নাম
test_0695,as
test_0696,২০০ হিজরি সালের ২৯ জিলহাজ্জ
test_0697,প্রদত্ত তথ্যে নেই।
test_0698,অ্যাঞ্জেলিনা জোলি
test_0699,কামা অববাহিকার চেরডিন থেকে পেচোরার যক্ষ পর্যন্ত
test_0700,ইর এবং ইথার
test_0701,৩৭%
test_0702,২০১৪ সালে
test_0703,"লাক্সেমবার্গ, নেদারল্যান্ডস, জার্মানি, গ্রীস"
test_0704,"মিউনিখ, বাভারিয়া, জার্মানি"
test_0705,২০২২ আইসিসি পুরুষ টি২০ বিশ্বকাপ
test_0706,রাজা দ্বিতীয় আবদুল্লাহ
test_0707,১৯৫৪ থেকে ১৯৮৫ সাল পর্যন্ত
test_0708,১৯৮৯
test_0709,"৬০০টি প্রজাতি, চার ভাগের এক ভাগ"
test_0710,মোহামেডান এসসি
test_0711,নিজস্ব প্রকাশনা এবং একটি বার্ষিক পত্রিকা
test_0712,"বাংলাদেশ, ভুটান, মায়ানমার, কম্বোডিয়া, চীন, ভারত, ইন্দোনেশিয়া, নেপাল, ফিলিপাইন, সিঙ্গ"
test_0713,অনুশীলনের সাথে কমে যায়
test_0714,Swaminarayan Sampradaya (SS)-Advection upstream splitting method (AUSM)
test_0715,দ্য ডিক ভ্যান ডাইক শো
test_0716,ভারতীয় জাতীয় কংগ্রেস
test_0717,কেতাবি সংঘ
test_0718,২টি
test_0719,"পুরুষ ৯,৮০২ জন এবং মহিলা ১১,১৭২ জন"
test_0720,ভবনের দেয়ালের উচ্চতম অংশে
test_0721,ওনসি সাউইরিস
test_0722,১৯৪৭ সালে
test_0723,খ্রিস্টধর্ম এবং ইহুদি ধর্ম
test_0724,গানচোরা
test_0725,রসুল্লাবাদ ইউনিয়ন
test_0726,১৯৯৪ সালে
test_0727,২০২১
test_0728,দানজিগ
test_0729,ইরানি
test_0730,২০০৩ খ্রীস্টাব্দে
test_0731,সর্বভারতীয় তৃণমূল কংগ্রেস
test_0732,বেঁচে থাকার অধিকার থাকলে মরার অধিকার অবশ্যই অনুসরণ করবে অথবা বাঁচার অধিকার মৃত্যুর অধিকারের সাথে সহাবস্থান করতে পারে
test_0733,একক স্তবগান
test_0734,জগজিৎ সিং লায়ালপুরী
test_0735,ইসলামের ইতিহাস ও সংস্কৃতি
test_0736,ভুবন গৌড়া
test_0737,ইউসিএলইএস
test_0738,দক্ষিণ ইরাক এবং দক্ষিণ-পশ্চিম ইরান
test_0739,উপন্যাসিক
test_0740,১৯৯৮ সালে
test_0741,বিভিন্ন কাজে
test_0742,২০১৭ সালে
test_0743,একটি নাম
test_0744,টাইফুন মাওয়ার
test_0745,৪টি
test_0746,নির্বাচন কমিশন দ্বারা বন্ধ
test_0747,১১৪৮ হেক্টর
test_0748,জম্মু ও কাশ্মীরের কুলগাম
test_0749,ইউনিটারিটিকে স্বীকার্য ধরে নিয়ে ওইরকম সম্ভাব্য পরিপূর্ণ তত্ত্বের বৈশিষ্ট্য পর্যালোচনা করার পদ্ধতি
test_0750,প্রায় ৩ কোটি ৯৬ লক্ষবার
test_0751,পশ্চিমবঙ্গ
test_0752,১৯৩৩ সালে
test_0753,জনম এবং সালাম বোম্বে!
test_0754,"লেডি হার্ডিঞ্জ মেডিকেল কলেজ, নয়াদিল্লি"
test_0755,সগরপুত্র
test_0756,ক্রিটান
test_0757,হেসপেরায়িডি
test_0758,መስኡድ መሀመድ ሙসা
test_0759,২২টি
test_0760,একটি বৃহৎ অংশ
test_0761,বাপ্পি লাহিড়ী
test_0762,প্রতিকূল পরিবেশে আত্মরক্ষা এবং সুরক্ষার সহজাত পদ্ধতি
test_0763,ইংরেজরা
test_0764,৩৪২.৫ মিলিয়ন টাকা
test_0765,মকর
test_0766,আফিলিয়াস
test_0767,শিলং
test_0768,ইসরায়েল
test_0769,"৬নং, ২২নং, ২৬নং, ৩৩নং, ১১নং এবং ৪নং ওয়ার্ড"
test_0770,মহম্মদ মুখতার
test_0771,৫ বছর
test_0772,ডায়াল
test_0773,আমাননিসা খান
test_0774,প্রায় ৪৫৭ কোটি বছর আগে
test_0775,২০১৩ সালের মে মাসে
test_0776,সেনাপতি রিপুদমন সিং
test_0777,"৩৮,৫০০ ভোট"
test_0778,২০১১-২০১২ শিক্ষাবর্ষ হতে
test_0779,ধাতব-অক্সাইড-সেমিকন্ডাক্টর (MOS) গেট কাঠামো
test_0780,২০০১-০২ মৌসুমে
test_0781,শৈলেন্দ্র
test_0782,মাসমুদ
test_0783,দীঘিনালা থানা
test_0784,"সফটওয়্যারের নকশা প্রণয়ন, কোডলিখন, কম্পিউটার প্রোগ্রামিং, সফটওয়্যার প্রকল্প ব্যবস্থাপনা এবং সফটওয়্যার পণ্য ব্যবস্থাপনা"
test_0785,কেন্দ্রীয় নগর উন্নয়ন প্রতিমন্ত্রী
test_0786,আহমদ জিয়াউদ্দিন
test_0787,আকিফ জাভেদ রেশি
test_0788,জেলা ও দায়রা জজ
test_0789,অন্তত দশ বছর আগে
test_0790,এক বা ততোধিক পর্বে
test_0791,রোড ম্যাপ বা পরিভ্রমণ তালিকা
test_0792,আদি-বরাহ
test_0793,খাদ্য সংকটকালীন সময়ে
test_0794,২০১০
test_0795,হাবিব ওয়াহিদ
test_0796,"আল-কারিবিসি, আল-কাল্নিসি, আল-মুহাসিবি, আল-বুখারি, আবু সাওর ও দ"
test_0797,শতকরা ভাগ
test_0798,"বায়ুমণ্ডলে আলোক-অবরোধকারী ধোঁয়া ছড়িয়ে পড়ার ফলে তাপমাত্রা হ্রাস, ঋতুর সময়সীমা সংক্ষিপ্ত হওয়া এবং ফসলের পরি"
test_0799,অ্যাথেন্সের এরিখথনিউস ও প্রাক্সিথেয়ার
test_0800,৫৭টি
test_0801,১৮শ শতক
test_0802,রঙ্গনায়কির জন্ম উৎসব
test_0803,কাহিনীতে কোন ঘোরপ্যাঁচ নেই
test_0804,"""বিকজ অফ দেম, উই ক্যান™"""
test_0805,সিন্ধু বিধানসভা
test_0806,জাতীয় গণতান্ত্রিক জোট
test_0807,ইউনিকা কলোনিয়া
test_0808,"লিখন প্রতীক অথবা রং, আলোক বর্ণালী, নরবর্ণ, বর্ণবাদ বা জাতবর্ণ"
test_0809,শুকনো কাঠের টুকরার মতো
test_0810,পেরোনি রোগ
test_0811,একটি স্থায়ী এক্সপ্রেশন যা তিনটি পদ নিয়ে গঠিত
test_0812,রাজা সুরথ
test_0813,২০১০ সাল থেকে কাউন্সিলর এবং ২০১৫ থেকে ২০২১ সাল পর্যন্ত চেয়ারপার্সন
test_0814,মাঝারি থেকে উচ্চতর উচ্চতায়
test_0815,"বড় এবং রঙিন ঠোঁট, জাইগোডাক্টাইল পা এবং সুন্দর পালক"
test_0816,২.৬৩ একর
test_0817,২০১৯ সালে
test_0818,১৯৯৫
test_0819,কুর্দিস্তান ডেমোক্রেটিক পার্টি ও কুর্দিস্তান দেশপ্রেমিক ইউনিয়ন
test_0820,সম্মিলিত মধ্য অঞ্চল ১ এবং ২
test_0821,রাজভবন
test_0822,নেগিশি কাপলিং
test_0823,৩১টি
test_0824,চেন্নাই সুপার কিংস
test_0825,১৭
test_0826,পাবনা-৪ (ঈশ্বরদী-আটঘরিয়া)
test_0827,বেইজিং
test_0828,ঢাকা বিশ্ববিদ্যালয়
test_0829,লক্ষ্মীকান্ত-প্যায়ারেলাল এবং বিশাল-শেখর
test_0830,স্যাটেলাইট অলটিমিটার
test_0831,ওরিয়েন্ট-এক্সপ্রেস হোটেল
test_0832,হৃৎপিণ্ডের কপাটিকা রোগ
test_0833,বেশ কিছু
test_0834,কলকাতা
test_0835,২৬ সেপ্টেম্বর ২০১৭
test_0836,২০২১
test_0837,"৯৪,৯৪৮ ভোটে"
test_0838,১৯৫৭ সালে
test_0839,১৯৯৩ সালে
test_0840,গ্লাইকোসিলট্রান্সফারেজ এবং গ্লাইকোসাইড হাইড্রোলেজ
test_0841,শিবসেনা
test_0842,ভারতবর্ষ
test_0843,কাপ্তাই সড়ক
test_0844,লাইকা প্রোডাকশন
test_0845,পর্তুগাল
test_0846,সম্রাট মুখার্জী
test_0847,ব্যবহারকারীদের অনেক উপায়ে উপকরণ নেভিগেট করতে ডাটাবেস ফরম হিসেবে সাহায্য করবে
test_0848,ভিড়ের সময়
test_0849,ডাব্লিউডাব্লিউএফ ওয়ার্ল্ড হেভিওয়েট চ্যাম্পিয়নশিপ
test_0850,পারিবারিক নাম হিসেবে ব্যবহৃত হয়
test_0851,মালদ্বীপ অটিজম অ্যাসোসিয়েশন
test_0852,১৯৩৪
test_0853,১৯৮০ সংস্করণ
test_0854,এস্তা এ আ নসসা পাত্রিয়া বেম আমাদা
test_0855,রাজ্যসভা এবং ১টি রাজ্য ও ১টি কেন্দ্রশাসিত আইনসভা
test_0856,ইয়াকুব-পরিবার সিরিয়া থেকে মিসরে কেন স্থানান্তরিত হয়েছিল এবং ইউসুফ-এর ঘটনা কি ছিল
test_0857,জ্যোতির্বিজ্ঞানের
test_0858,সেলারি পাতা ও নীল পনির
test_0859,বাংলাদেশের একজন বিশিষ্ট উদ্বাস্তু
test_0860,.আইএল
test_0861,হাঙর নদী
test_0862,একটি মার্কিন প্রচলিত প্রবাদ হিসেবে
test_0863,বিশ্বের প্রথম ইকুইটি এক্সচেঞ্জ
test_0864,পেরু ওক্সাপাম্পা নামক অঞ্চলের আশেপাশে
test_0865,ইংরেজি
test_0866,ট্রিপল এইচ ও সিএম পাংককে
test_0867,ডান পার্শ্বীয় মধ্যমাঠের খেলোয়াড়
test_0868,আটটি
test_0869,১৯৬৪
test_0870,১৯৮৬ সালে
test_0871,তিন কি:মি:
test_0872,কম মার্কিন গার্হস্থ্য অংশীদারিত্ব নিবন্ধিত হয়েছে
test_0873,২০২৪
test_0874,১৯৬০ গ্রীষ্মকালীন অলিম্পিক টুর্নামেন্ট
test_0875,চার বা পাঁচ জোড়া
test_0876,দ্বিতীয়বারের মতো
test_0877,ধনরাজ কুবের
test_0878,১৯৮১
test_0879,"তুষার-ঢাকা আগ্নেয়গিরি, পরজীবী ভেন্ট, ক্যালডেরা, ট্র্যাকাইটিক লাভা প্রবাহ এবং হায়ালোক"
test_0880,২০১৭ সালে
test_0881,হরতন প্লেইন্স ন্যাশনাল পার্ক
test_0882,সর্বভারতীয় তৃণমূল কংগ্রেস
test_0883,২০১৫-২০১৬ ইসরায়েল-ফিলিস্তিনি সংঘাত
test_0884,১৯৮০
test_0885,কলকাতা বিশ্ববিদ্যালয়
test_0886,নজদ
test_0887,ক্লিনিকা রেগিনা মার্গারিটা হাসপাতাল
test_0888,কোলয়েডীয় কোয়ান্টাম ডট
test_0889,গালতি সে মিস্টেক
test_0890,৫০ হাজারের কাছাকাছি
test_0891,ইংরেজি ব্রেইলে আন্তর্জাতিক পরিষদ দ্বারা স্বীকৃত
test_0892,ভূজপূর ইউনিয়ন
test_0893,দেবিদ্বার উপজেলা
test_0894,কোন প্রক্রিয়ার সাথে নয়
test_0895,"মুম্বই, মহারাষ্ট্র, ভারত"
test_0896,হিমাচল প্রদেশ
test_0897,অন্যান্য এলাকার জন্য আগ্রহের বিষয় নয়
test_0898,হিন্দু ধর্মগ্রন্থ
test_0899,ফিলিস্তিন অলিম্পিক ফুটবল দল অথবা সংক্ষেপে ফিলিস্তিন অনূর্ধ্ব-২৩
test_0900,অঙ্গদ বাউড়ি
test_0901,"গণ্ডার, বাঘ, হাতী, চিতাবাঘ, ভালুক, হরিণ, বুনো শূকর, সিংহ, নীল গাই"
test_0902,জানুয়ারিতে
test_0903,নিউইয়র্ক বিশ্ববিদ্যালয়
test_0904,পাঁচটি
test_0905,অঙ্গবস্ত্র
test_0906,পুত্র বিনা মুক্তি নাই
test_0907,একজন চলচ্চিত্র নির্মাতা
test_0908,মুম্বই
test_0909,মেট্রোপলিটন থানা
test_0910,ভ্রাম্যমাণ অধ্যাপক
test_0911,এনআরসি-র বিরুদ্ধে লড়াইয়ে
test_0912,দ্য জেনারেল ফান গেম শো
test_0913,"নিজস্ব-প্রতিরক্ষা, প্রতিযোগিতা, শারীরিক আরোগ্য এবং সুস্থতা, মানসিক, শারীরিক এবং আধ্যাত্মিক উন্নতি"
test_0914,প্যারাপ্রোক্টাইটিসের একটি জটিলতা
test_0915,১৯৯৮
test_0916,কলাম্বিয়া বিশ্ববিদ্যালয় এবং হার্ভার্ড বিজনেস স্কুল
test_0917,২০০৭
test_0918,ডোমিনিকান রিপাবলিকের একটি গ্রীষ্মমণ্ডলীয় নদী উপত্যকায় চেতাও দে লা ফুয়েন্তে কারখানায়
test_0919,নর্থ সাউথ বিশ্ববিদ্যালয়
test_0920,"টেলিভিশন ধারাবাহিক, মিনি ধারাবাহিক, বা টেলিচলচ্চিত্র"
test_0921,"দক্ষিণ কোরিয়ার সামুদ্রিক প্রণালি, জাপানের প্রণালি, আন্তর্জাতিক প্রণালি, সুশিমা দ্বীপ"
test_0922,২০২৪ আইসিসি নারী টি২০ বিশ্বকাপ বাছাইপর্বে উত্তরণ
test_0923,৯ আগস্ট ২০০২
test_0924,কোমল পানীয়
test_0925,"হলুদ কাছিম, কড়ি কাইট্টা ও পুরা কাইট্টা"
test_0926,অন্য পদার্থের পরমাণুতে রূপান্তরিত হয়ে
test_0927,ইউরোপ ও এশিয়া
test_0928,মেগা ওহম
test_0929,ডোমিনিকান রিপাবলিক এবং হন্ডুরাসে
test_0930,প্যাক নকশা এবং মৌলিক উপাদান
test_0931,১৯৯৩ সালে
test_0932,মার্কিন যুক্তরাষ্ট্র
test_0933,শিক্ষামূলক এবং প্রেরণামূলক অনুষ্ঠান
test_0934,২০১৫-১৬ মৌসুম
test_0935,কুমিল্লার দাউদকান্দির বাহেরচরে
test_0936,বসুধা নারায়ণ
test_0937,স্বাস্থ্যবিজ্ঞান ও চিকিৎসাবিদ্যা শিক্ষাব্যবস্থার উন্নতি ঘটাতে
test_0938,জাপান সোসাইটি ফর দ্য প্রমোশন অব সায়েন্স (জেএসপিএস) এর মাধ্যমে
test_0939,কন্নড়
test_0940,লাভ লাইক হোয়াইট জেড
test_0941,মেট্রিক টন
test_0942,বাংলাদেশ জাতীয়তাবাদী দল
test_0943,"ইয়েলপ, ইনকর্পোরেটেড"
test_0944,বেলা ১২:০০টার সময়
test_0945,টেট্রিস
test_0946,বাপ কা বেটা
test_0947,অধ্যায় ৩
test_0948,"মামিজিয়ান, পাপিরাস"
test_0949,তৃতীয় এবং প্রাথমিক কাঠামোগত স্তর
test_0950,আন ইয়াং-কিউ
test_0951,ফটিকছড়ি উপজেলা
test_0952,প্যারামাউন্ট স্টুডিও
test_0953,দুর্গাপূজায় শ্রেষ্ঠ শিল্পকৃতিত্বের পুরস্কার
test_0954,দেশের আর্থ-সামাজিক উন্নয়নের পাশাপাশি ভবিষ্যৎ অর্থনৈতিক ও সামাজিক কর্মকাণ্ডের সেতুবন্ধন হিসেবে কাজ করা
test_0955,শৃঙ্গার থেকে
test_0956,পশুরাম
test_0957,ক্র্যাশ
test_0958,জেনারেল
test_0959,অসংখ্য এনডেমিক প্রজাতি
test_0960,নেসলে গ্রুপ
test_0961,পরস্পর আলাদা হয়ে যান
test_0962,লিসবন বিশ্ববিদ্যালয়ের মেডিসিন অনুষদের শারীরবৃত্তীয় থিয়েটারে
test_0963,কোরচা
test_0964,২৭টি
test_0965,"ভূষণচন্দ্র বন্দ্যোপাধ্যায়, গিরীন্দ্রনাথ রায়চৌধুরী, সিদ্ধেশ্বর দত্ত, প্রসাদদাস রায়চৌধুরী, সতীশচন্দ্র"
test_0966,২০১২ সালের সেপ্টেম্বরে
test_0967,হংকং
test_0968,এনজিওম
test_0969,আসাম
test_0970,নীলাদ্রি
test_0971,২৬০০ খ্রিস্টপূর্বাব্দের প্রথম দিকে
test_0972,বাংলা
test_0973,তিনটি
test_0974,তিনজন
test_0975,মজলিসে শূরা থেকে নির্বাচিত সদস্য নিয়ে গঠিত কমিটি এবং মজলিশে এন্তেজামিয়া বা পরিচালনা কমিটির মাধ্যমে
test_0976,দুই শ্রেণিতে ভাগ করা
test_0977,উচ্চ বিদ্যালয়ে
test_0978,আর্মি মেডিকেল কোরে
test_0979,লরেনৎস ইনভ্যারিয়েন্ট নয়
test_0980,তিনটি
test_0981,২০২৪ সালে
test_0982,২৪নং ওয়ার্ড
test_0983,১৯৬৪
test_0984,একদলীয় রাষ্ট্র
test_0985,অবশিষ্ট কুস্তিগির
test_0986,২০০৮
test_0987,১৯ নভেম্বর ১৯৯৪
test_0988,"২,৫৬,০০০"
test_0989,দ্য লেই'স লেই লিঙ্গো কোম্পানি
test_0990,মাক্সিম শানো
test_0991,২০১৮ সালে
test_0992,অভিস্রবণ বা অসমোসিস প্রক্রিয়ায়
test_0993,অস্ট্রিয়া জাতীয় দল এবং ইন্টার মিলান ক্লাবের হয়ে আক্রমণভাগের খেলোয়াড় হিসেবে খেলা
test_0994,"৩,৭০০টি"
test_0995,এক সর্বশক্তিমান
test_0996,ক্রিকেটারদের প্রশিক্ষণের সুবিধা হিসেবে কাজ করা
test_0997,সকল বৈরিতার অবসান ঘটিয়ে জাতীয় ও আন্তর্জাতিক পর্যায়ে বন্ধুত্ব ও সৌহার্দ্যপূর্ণ সম্পর্ক প্রতিষ্ঠা এবং যুদ্ধবন্দিদের বিনাবিচারে পাকিস্তানে ফেরত
test_0998,চট্টগ্রাম সিটি কর্পোরেশনের ১নং দক্ষিণ পাহাড়তলী ওয়ার্ড
test_0999,দলটি দুটি দলে বিভক্ত হওয়া
test_1000,রংপুর সিটি কর্পোরেশন প্রতিষ্ঠার ফলে
test_1001,"হিন্দিশ, হিন্দলিশ, হেংলিশ ও হিনলিশ"
test_1002,স্যান্টো ডমিঙ্গো
test_1003,২০১৮ সালের শেষে
test_1004,বাংলাদেশ
test_1005,শুভ্র বস্ত্র
test_1006,তারাক মেহতা কা উল্টা চশমা
test_1007,বার্মিংহামে
test_1008,ট্রান্স-এশিয়ান রেলওয়ে প্রকল্প
test_1009,প্রজাতন্ত্র
test_1010,কালাওরা মিনার
test_1011,বত্রিশটি
test_1012,প্রায় ৫৩%
test_1013,খাবারের স্বাদ এবং রঙের জন্য
test_1014,রিডলি স্কট
test_1015,১৯৯৩
test_1016,১০.২৬%
test_1017,"পর্বত, স্থান ও ভবন, ব্যক্তি"
test_1018,বাংলাদেশ
test_1019,ভারতীয় জনতা পার্টি
test_1020,ভারতের
test_1021,ত্বরান্বিত করে
test_1022,ইরানে
test_1023,মহিলাদের ডাবল যৌগিক ধনুষ
test_1024,২০১৪ সালে
test_1025,Plants of the Coast of Coromandel
test_1026,"একটি আদর্শ, বা অন্তত একটি টপোলজিক্যাল ভেক্টর স্পেসের কাঠামো"
test_1027,২০১৮
test_1028,ডারবান'স সুপার জায়ান্টস
test_1029,মুলাই ভারি আমুধু আলিথা নটরঙ্গল
test_1030,"বিজ্ঞান, মানবিক ও ব্যবসায় শিক্ষা"
test_1031,২০২১ সালের আগস্ট মাসে
test_1032,"সাঈদ খাজা আজিজ-উদ-দ্বীন, মুহাম্মদ নূর, অ্যান্থনি প্যাট্রিক এবং সৈয়দ শহীদ হাকিম"
test_1033,১১ টি
test_1034,১২০ ফুট
test_1035,বিশ্ব স্কাউট সংস্থা
test_1036,দশটি
test_1037,কমপক্ষে ২৪ ঘন্টা
test_1038,অসন্তুষ্ট ইবাদি উপজাতিরা
test_1039,রিয়াল ক্লাব দেপোর্তিভো মায়োর্কার বিপক্ষে ঘরোয়া জয়ের ম্যাচে
test_1040,"প্রতীক Al, পারমাণবিক সংখ্যা ১৩"
test_1041,হাওর অঞ্চল
test_1042,কোন পরিবর্তন ঘটে না
test_1043,"ছাদেকনগর, নিশ্চিন্তাপুর এবং ওখাড়া এলাকার মানুষ মিলে একটি সম্মিলিত সমিতি গঠন করে বাজার বসানো"
test_1044,সোভিয়েত ইউনিয়ন বিশ্বের প্রথম নামমাত্র কমিউনিস্ট রাষ্ট্র হিসেবে আবির্ভূত হওয়ার ফলে
test_1045,নেদারল্যান্ডস জাতীয় ক্রিকেট দল
test_1046,গ্রুপ সি
test_1047,বিনিয়োগ মন্ত্রণালয়
test_1048,১৯৬০ এবং ১৯৬৪ গ্রীষ্মকালীন অলিম্পিক
test_1049,১৯৫৮ সালে
test_1050,পুয়ের্তো রিকো
test_1051,১৯৪৪ সালের প্রথম দিকে
test_1052,উপবাসী হয়ে দেবতা বিষ্ণুর কাছে প্রার্থনা করে সারা রাত জাগরণে তাঁর দিব্য নাম কীর্তন করার মাধ্যমে
test_1053,অক্সফোর্ড বিশ্ববিদ্যালয়
test_1054,একটি মুদির দোকানে
test_1055,অল্প পরিমাণ অর্থ প্রদান করে
test_1056,ছয়জন
test_1057,বীরমিত্রপুর
test_1058,১৯৬৭
test_1059,সিএনজি / ইজি বাইক
test_1060,১৯৮০-এর দশকে
test_1061,মার্ক শাটলওয়ার্থ
test_1062,সিগারিলো
test_1063,জ্যাজ সঙ্গীত ও ব্লুজ
test_1064,বিনামূল্যে এবং অর্থ প্রদানের বিভিন্ন অ্যাপ
test_1065,আগস্ট ২০১৮ থেকে জানুয়ারী ২০২৩
test_1066,betacyanins
test_1067,একটি স্বাধীন ভাষা পরিবার হিসেবে
test_1068,জাকমাকের
test_1069,রুম সালতানাত
test_1070,গাছগাছালি ও লতাপাতা
test_1071,২০২২
test_1072,"৩,০০০ সদস্য"
test_1073,১৮৩৫
test_1074,"বাংলা আধুনিক, ব্যান্ড ও ফিল্মি গান"
test_1075,এআইপিজেডি
test_1076,ফসফোডাইএস্টারেজ নামক উৎসেচকের অনুঘটক প্রক্রিয়ায় অথবা রাসায়নিকভাবে এবং স্বতঃস্ফূর্তভাবে
test_1077,ভারতের কমিউনিস্ট পার্টি (মার্ক্সবাদী)
test_1078,Varanus salvator
test_1079,ফিলহাল (২০১৯) এবং ফিলহাল ২: মহব্বত (২০২১)
test_1080,৬৭.৫৯%
test_1081,"পরিবার, ভৌগোলিক স্থানাঙ্ক এবং বিশ্ব অঞ্চল দ্বারা শ্রেণীবদ্ধ করা হয়"
test_1082,লবঙ্গ
test_1083,হিজরার ছদ্মবেশ নেওয়া ব্যক্তির সামাজিক অন্যায়ের বিরুদ্ধে লড়াই ও শাস্তিদাতা হিসেবে সামনে আসা
test_1084,ভার্গ ভিকারণিস
test_1085,হৃষিকেশ মুখোপাধ্যায়
test_1086,মানুষকে তাদের ধর্ম অনুসারে আলাদা করার মাধ্যমে
test_1087,পবিত্র অগ্নিতে প্রবেশ করে
test_1088,ভারতের জাতীয় দলের প্রাক্তন বোলার
test_1089,পদ্মশ্রী
test_1090,রক্ষণভাগের খেলোয়াড়
test_1091,গাঢ় হাইড্রোব্রোমিক অ্যাসিড
test_1092,শার্ক ট্যাঙ্ক ইন্ডিয়া
test_1093,একাধিক পুরুষ দেবতার উপর দেবীর প্রাধান্য স্থাপন
test_1094,"চলচ্চিত্র থিয়েটার, গ্রামোফোন এজেন্সি এবং কার বা গাড়ির এজেন্সি"
test_1095,"আয়তন, জনসংখ্যা, অবস্থান ও সীমানা, প্রশাসনিক কাঠামো, শিক্ষা ব্যবস্থা, যোগাযোগ ব্যবস্থা, ধর্মীয় উপাসনালয়, খাল ও নদী"
test_1096,বুলবুলি পাখি
test_1097,পেটে আলসার
test_1098,বাংলাদেশ ৭১
test_1099,দ্ব্যর্থতা নিরসন পাতায়
test_1100,কিউবা
test_1101,সিকিম ফুটবল অ্যাসোসিয়েশন
test_1102,২০০২ সালে
test_1103,২০১০
test_1104,no answer
test_1105,বিশ্ব স্বাস্থ্য সংস্থা এবং ইউনিসেফ
test_1106,"প্রাক-১৯০০, সেমিনাল ১৯০৯-৪৫ এবং যুদ্ধ-পরবর্তী ১৯৪৬-৫৯"
test_1107,৩
test_1108,আবরণ
test_1109,সাইফুদ্দিন বারকুকের
test_1110,ব্রোকনক্যাম্প
test_1111,"রাজশাহী বিভাগ, খুলনা টাইগার্স, শাইনপুকুর ক্রিকেট ক্লাব এবং রংপুর রাইডার্স"
test_1112,ষষ্ঠ অবস্থানে
test_1113,চালু করেছিলেন
test_1114,লন্ডন বিশ্ববিদ্যালয়
test_1115,"দরবস্ত, জৈন্তাপুর, সিলেট"
test_1116,২০১১ সাল থেকে ২০২১ সাল পর্যন্ত
test_1117,"বাবুছড়া, মেরুং, দীঘিনালা ও কবাখালী ইউনিয়ন"
test_1118,কিছু লৈঙ্গিক পার্থক্য
test_1119,৭২.৮%
test_1120,পাকিস্তান
test_1121,১৯৯৪ সালে
test_1122,ষ্পেঙলার কাপ
test_1123,তিরুপ্পুর
test_1124,ঘটনাস্থল
test_1125,ডিম্বাশয় থেকে শুরু হয়ে জরায়ুতে শেষ হয়
test_1126,৮৪ হাজার
test_1127,২০২৬
test_1128,বিশেষ বিশেষ কিছু ঔষধের কার্যকারিতা বা শক্তি বৃদ্ধির উদ্দেশ্যে
test_1129,মুন্সীগঞ্জ
test_1130,বেইজিং এবং শিউং'আন
test_1131,জগত্তারিণী স্বর্ণপদক ও সরোজিনী স্বর্ণপদক
test_1132,১১-১৫%
test_1133,পাকিস্তানি ভাবধারা এবং উভয় অংশের মধ্যে ঐক্য ও সংহতি রক্ষায়
test_1134,১৯৮৩ সালের সেপ্টেম্বর
test_1135,রাজানগর ইউনিয়ন
test_1136,৩ বছর
test_1137,ঐশ্বরিক দৃষ্টি দান করে এবং কনের চুল পূর্ববৎ যুক্ত করে
test_1138,ডেভিড ওবুয়া এবং কলিন্স ওবুয়া
test_1139,আঞ্চলিক ভাষায় গান ও কবিতা
test_1140,মাইকেল অর্গ্যান
test_1141,"কোনো বিস্ফোরক বা বিস্ফোরক দ্রব্যকে যে পরিমাণ ঘর্ষণ করলে ও বিস্ফোরকটি বিস্ফোরিত হবে বা হবার সম্ভাবনা থাকবে, সেই সংবেদনশীল"
test_1142,ইসরায়েলি
test_1143,বুড়িচং
test_1144,no answer
test_1145,বাংলা
test_1146,ষাটোর দশকে
test_1147,জুঁই এবং জাফরান
test_1148,সমস্ত উপযুক্তভাবে স্নান করা এবং শুদ্ধ জৈনদের
test_1149,ব্ল্যাকওয়েলস দ্বীপ
test_1150,"প্রধান জীবিকা ছিল কৃষিকার্য ও শিকার, প্রধান কৃষি ফসল ছিল ধান এবং পশুপালনের ক্ষেত্রে মহিষ, কুঁজওয়ালা গ"
test_1151,মহিলা দাবা বিশ্বকাপ ২০২১
test_1152,রাজেশ খান্না এবং রাজ কাপুর
test_1153,পশ্চিমবঙ্গ
test_1154,চতুর্থ মাদ্রাজ উপকূল বাহিনী
test_1155,পশ্চিম প্রাচীর প্লাজার দক্ষিণ প্রান্তে প্রাচীরের ঠিক ভিতরে
test_1156,প্রত্নতাত্ত্বিকরা
test_1157,উই আর ফ্যামিলি
test_1158,তরুণ প্রতিভাকে চিহ্নিত করা এবং লালন-পালনের লক্ষ্যে উদ্যোগ বাস্তবায়নের মাধ্যমে
test_1159,প্রায় বিশটি
test_1160,ট্যাম্বরিলে
test_1161,মদিনা
test_1162,এলিওদোরো রোদ্রিগেস লোপেস স্টেডিয়াম
test_1163,গুজরাট ১১
test_1164,অভিনেত্রী
test_1165,২০১২ সালে
test_1166,ক্ষুদ্র ও কুটির শিল্প মন্ত্রী
test_1167,ব্রিটিশ
test_1168,৯ম-১০শ শতাব্দীতে
test_1169,বিভিন্ন উপজাতি বা উপপরিবার
test_1170,কোর ডিজাইন
test_1171,আনন্দের সাথে
test_1172,সর্বভারতীয় তৃণমূল কংগ্রেস
test_1173,অল ইন্ডিয়া ফুটবল ফেডারেশন
test_1174,সুওন স্যামসাং ব্লুউইংস
test_1175,লিথুয়ানিয়া
test_1176,"১,৭০০টি"
test_1177,মার্টিন স্কোরসেজি
test_1178,১টি
test_1179,ভারতীয় নৌবাহিনী
test_1180,স্থানীয় এবং আন্তর্জাতিক উভয় ধরণের বিষয়ে
test_1181,৬৯ টন
test_1182,রেশম ঝাঁপি
test_1183,১৯০২ সালে
test_1184,লিগা ন্যাসিওনাল ডি ফুটবল প্রফেশনাল দ্বারা
test_1185,"রান, সর্বোচ্চ রান, গড়, স্ট্রাইক রেট, শতক, অর্ধ-শতক, চার এবং ছয়"
test_1186,অভিনয়শিল্পী
test_1187,ইবনে আরাবি ও আল-গাজ্জালির ধারণাগুলিকে একত্রিত করে ফার্সি কাব্যিক আকারে লেখা এবং কুরআনের একটি বিশাল রহস্যময় ব্যাখ্যা
test_1188,বিশ্বব্যাপী পৌতলিকতা এবং লোককাহিনীতে
test_1189,১৯৮০
test_1190,ঝাড়গ্রাম
test_1191,"১১ জুলাই, ২০১০"
test_1192,অ্যান্ড টিভি
test_1193,"কৃষ্ণাঙ্গ নারীবাদী, লেখক, শিক্ষক এবং কর্মী"
test_1194,১১ আগস্ট ১৯৯৮
test_1195,উত্তর ভারত
test_1196,শিখণ্ডীর
test_1197,অক্সিজেন
test_1198,সুইডেন
test_1199,চন্দ্র শেখরের নেতৃত্বাধীন কেন্দ্রীয় সরকার
test_1200,বাড়াতে হবে
test_1201,সূর্যকান্ত ত্রিপাঠি ‘নিরালা’
test_1202,লাক্স স্টাইল পুরস্কার এবং হাম পুরস্কার
test_1203,রাধা রমণজীর মন্দির প্রাঙ্গণে
test_1204,স্বর্বেদ
test_1205,২০০৩ সাল থেকে
test_1206,পানি বা পানির বায়বীয় রূপ
test_1207,বেবি বুমার্স
test_1208,সুগন্ধিযুক্ত
test_1209,টর্পেডো টিউব
test_1210,তরল পরিবেশ এবং অ্যানেরোবিক অবস্থা
test_1211,১৯৭১ থেকে ১৯৮৮ সাল পর্যন্ত
test_1212,মিকেলের ছয় বৃত্তের উপপাদ্য
test_1213,তথ্য অসঙ্গতি এবং অন্যান্য ব্যতিক্রমসমূহ আবিষ্কার করার জন্য
test_1214,ডানস ফুড অ্যান্ড ড্রিংকস লিমিটেড
test_1215,ঐতিহ্যবাহী কওমী মাদরাসা
test_1216,জাপান
test_1217,ভারত
test_1218,ডায়াগনস্টিক অ্যান্ড স্ট্যাটিস্টিক্যাল ম্যানুয়াল অব দ্য মেন্টাল ডিসর্ডার এর দ্বিতীয় সংস্করণ
test_1219,মুহাম্মাদের নবুয়তের প্রথমদিকে
test_1220,পঞ্চম মেয়াদে
test_1221,মাল্টিমিডিয়া নিউজ কোম্পানি
test_1222,"ইদ্দিশ, জার্মান, হাঙ্গেরিয়ান এবং রোমানিয়ান"
test_1223,শঙ্খচিল সাহিত্য পুরস্কার
test_1224,বার্ট আই. গর্ডন
test_1225,হার্টএকিস
test_1226,জগন্নাথ পুরীতে
test_1227,নারীদের ব্যবহৃত জাঙ্গিয়া
test_1228,দ্রুত লয়ের টেম্পো
test_1229,২০০৯
test_1230,২টি
test_1231,গামা রশ্মি
test_1232,সাম স্তোত্র
test_1233,দাওয়াত ও তাবলীগ
test_1234,২০১২
test_1235,প্যাসিভ অপটিক্যাল নেটওয়ার্ক
test_1236,মিডিয়া এবং চলচ্চিত্রে কাজ কমিয়ে দেওয়া
test_1237,মালেক আফসারী
test_1238,২০২১ সাল হতে
test_1239,ইন্টার মিলান এবং ইতালি
test_1240,২টি
test_1241,হিপ্নোসিস এবং অন্যান্য আধ্যাত্মিক অনুশীলন
test_1242,ক্যামেরন ডায়াজ
test_1243,রোদে শুকনো গাঢ় বাদামী রঙের মাটির ইট
test_1244,১০ কিলোমিটার
test_1245,নেটফ্লিক্স
test_1246,রসুল বিজয়
test_1247,ব্রিটিশ কোম্পানি
test_1248,একটি বাস্তবতা হিসেবে
test_1249,১৯৯০ সালের মাঝামাঝি সময়ে
test_1250,২ এবং ৫
test_1251,৩৫ টি
test_1252,জীবিত সংক্রামক S-III ব্যাকটেরিয়া
test_1253,আগস্ট ২০১৯
test_1254,নির্বাচনে জয়ী হওয়া
test_1255,সিপিসি ইন্টারন্যাশনাল
test_1256,সৌরজগতের পঞ্চম বামন গ্রহ অথবা হাওয়াইয়ের পৌরাণিক কাহিনীতে উর্বরতা ও সন্তান প্রসবের দেবী
test_1257,পিভি নরসিমা রাও-এর নেতৃত্বাধীন সরকার
test_1258,১৯৩২ সালে
test_1259,১৪ ফেব্রুয়ারি ২০০৫
test_1260,১৯৫৯–৬০ মৌসুমে
test_1261,দগ্ধ রোগীদের চিকিৎসা এবং প্লাস্টিক ও রিকন্সট্রাক্টিভ সার্জারি
test_1262,"অবৈধ অনুপ্রবেশ, চোরাচালান রোধ, জলদস্যুতা দমন, সমুদ্রে উদ্ধার অভিযান, সুনীল অর্থনীতির বিভিন্ন কর্মকাণ্ড পরিচালনাসহ"
test_1263,মোজিলা
test_1264,খুরশিদ আলম
test_1265,পদ্মাবতী
test_1266,চারবার
test_1267,"নগরের কোনও সড়ক, চত্বর বা উদ্যানে একটি খুঁটির উপরে"
test_1268,শচীন্দ্র লাল সিং
test_1269,আরজেডি
test_1270,এলাহাবাদে
test_1271,"১ জুলাই, ২০২২"
test_1272,গোয়ায় ফুটবলের নিয়ন্ত্রণ এবং সন্তোষ ট্রফি ও সিনিয়র মহিলা জাতীয় ফুটবল চ্যাম্পিয়নশিপের জন্য রাজ্য দল পাঠানো
test_1273,লিঙ্গ নির্ধারণের পরীক্ষার বিরুদ্ধে একটি আইন পাস করা এবং বিষয়টি সম্পর্কে সচেতনতা তৈরি করা
test_1274,লেখক এবং প্রাক্তন আইনজীবী
test_1275,বার্সেলোনা
test_1276,একটিমাত্র পুত্র
test_1277,তিন বছর
test_1278,"মোট পয়েন্ট, তারপর গোল পার্থক্য এবং তারপর গোল করা হয়"
test_1279,পুঠিয়া উপজেলা
test_1280,২০১৭ সালে
test_1281,ঝাড়খণ্ড
test_1282,২০১২ সাল
test_1283,২০ ও ২১ শতক
test_1284,অর্ধচন্দ্র আকারের ওপর বিন্দুর ন্যায়
test_1285,আকা
test_1286,পীরগাছা উপজেলা
test_1287,শয়তানকে ত্যাগ করার ঐতিহ্য
test_1288,"ইসলাম, বৌদ্ধধর্ম, হিন্দুধর্ম, খ্রিস্টধর্ম, ক্রামাধর্ম ও অন্যান্য"
test_1289,২৭ জুলাই ২০০৩
test_1290,স্পেসএক্স
test_1291,অজৈব যৌগ
test_1292,টুথপেস্ট এবং মাউথওয়াশ
test_1293,নৃসিংহ
test_1294,প্রশাসনিক কার্যক্রম
test_1295,বার্ষিক আন্ত-স্কুল আর্ট ফেস্টিভ্যাল
test_1296,"""আমার"" হিসেবে"
test_1297,"ভারত, নেপাল, ভুটান, মায়ানমার, চীন, থাইল্যান্ড, সিঙ্গাপুর, কম্বোডিয়া, লাওস,"
test_1298,২০১৩ সালে
test_1299,ব্রিটিশ
test_1300,ঊর্ধ্বে স্থান দেয়
test_1301,প্যারিমোহন মহাপাত্র
test_1302,২-৩ মাস
test_1303,মীরসরাই ইউনিয়ন ও মীরসরাই পৌরসভা
test_1304,কনিফারগুলোর প্রজনন
test_1305,হাফ স্লিভ শার্ট বা খাটো হাতার শার্ট
test_1306,সুপারকাপল ব্র্যাড পিট ও অ্যাঞ্জেলিনা জোলি
test_1307,পারিবারিক নাম
test_1308,১৯৭৯ সাল থেকে
test_1309,১৯৯১-১৯৯৪
test_1310,২১নং নির্বাচনী এলাকা রংপুর-৩
test_1311,সত্য সাহা
test_1312,দুটি পাতা
test_1313,নরু গোপাল মুখার্জিকে
test_1314,রাশিয়া
test_1315,ভ্লাদিস্লাভ বব্রিশেভ
test_1316,"সাদা পাথর, মার্বেল ও সোনা"
test_1317,হিন্দু সংখ্যালঘুদের
test_1318,রাজস্থান সরকার
test_1319,গেরিওনের গবাদি পশু ইউরিস্টিয়াসের কাছে নিয়ে আসা
test_1320,বঙ্গবিভূষণ
test_1321,যুক্তরাজ্য প্রবাসী প্রকৌশলী
test_1322,জাতীয় প্রেস ক্লাব এবং পিআইবিতে
test_1323,দ্রাবিড় মুনেত্র কড়গম
test_1324,এক ধরনের প্রশাসনিক ইউনিট
test_1325,১ অক্টোবর ১৯৯৯
test_1326,২ বছর
test_1327,নিরাশাবাদী ধরনের
test_1328,আগাত্তিয়ারের বারোজন শিষ্যের একজন এবং প্রাচীনতম বর্তমান তামিল ব্যাকরণের লেখক
test_1329,শিব
test_1330,লি জিন-ইল
test_1331,১৯৪৮ সালে
test_1332,গুরুদুয়ারা সিস গঞ্জ সাহিব এবং গুরুদুয়ারা রাকাব গঞ্জ সাহিব
test_1333,৩ থেকে ৭ দিন
test_1334,"হিন্দু, বৌদ্ধ, জৈন এবং শিখ"
test_1335,"রাসায়নিক সংকেতের ধারণা, কার্বনের ত্রিযোজ্যতা এবং বেনজিনের ষড়ভূজীয় কাঠামো"
test_1336,বিচারপতি শেখ হাসান আরিফ
test_1337,মুরাদনগর উপজেলার নবীপুর পূর্ব ইউনিয়ন ও টনকী ইউনিয়ন
test_1338,বিষ্ণু
test_1339,কোন পণ্য নয়
test_1340,কয়েক সেকেন্ড বা তারও কম সময় যে স্মৃতি স্থায়ী হয়
test_1341,কার্লোস ফুয়েন্তে সিনিয়রের
test_1342,লাইস হেব্বাদজ
test_1343,বৃন্দগীতি ও নৃত্য
test_1344,"মহাকাশে বিভিন্ন অর্জন এবং কোন কিছুর গৌরব অর্জনকারী প্রথম ব্যক্তি, জাতি বা নভোযানগুলোর কথা"
test_1345,ভারতের রাজপরিবারের প্রধানকে সম্বোধন করার জন্য
test_1346,পৃথিবীর সর্বপশ্চিমে বা হেসপেরিডিসে
test_1347,১ সেপ্টেম্বর ১৯৩১
test_1348,ইউনিলিভার
test_1349,কলকাতা বিশ্ববিদ্যালয়
test_1350,২০২৩ সালে
test_1351,Aero L-39 Albatros
test_1352,কাকরালা
test_1353,পাঁচজন
test_1354,কলকাতার প্রেসিডেন্সি কলেজ
test_1355,আলেক্সি পেট্রোভিচ ইয়ারমোলভ
test_1356,সোভেতস্কায়া পর্বত
test_1357,পঞ্চম থেকে দ্বাদশ
test_1358,১৮৯৮
test_1359,আধ্যাত্মিক বিশ্বাস
test_1360,উদ্বোধনী বিশিষ্ট পরিষেবা পুরস্কার
test_1361,কলম্বিয়া বিশ্ববিদ্যালয়
test_1362,২০১৪ সালে
test_1363,কুয়েন্‌কা মহাগির্জা (ক্যাথেড্রাল)
test_1364,আহমেদ আদিব আবদুল গফুর
test_1365,"ওরাকল ডিবিএমএস, ওরাকল অটোনোমাস ডেটাবেজ বা শুধুমাত্র ওরাকল"
test_1366,ওয়ালেস ফার্গুসন পুরস্কার
test_1367,দেশের অন্যান্য অংশের মতো ততটা আঘাতপ্রাপ্ত হয়নি
test_1368,রোজালেক্স লিমিটেড
test_1369,"অপেশাদার পর্নোগ্রাফি ব্লগ, থাম্বনেইল গ্যালারি পোস্ট, জনপ্রিয় সংস্কৃতি, বিজ্ঞাপনে যৌনতা সম্পর্কে খবর, বিষ"
test_1370,ভারতীয় হিন্দি ভাষার কমেডি টেলিভিশন সিটকম
test_1371,আলেকজান্দ্রিয়ায়
test_1372,প্রতিদিন
test_1373,২১শ শতাব্দীর
test_1374,দুতসাই টপ্পো
test_1375,স্পেনীয়
test_1376,"নির্মাণ উপাদানটিকে কোনও কাঠামোর ভেতরের পৃষ্ঠে ছিটিয়ে দিয়ে একটি পাতলা, শক্ত কাঠামো উৎপাদন করা"
test_1377,বম্ব এবং কলোসাস কম্পিউটার
test_1378,ওটাঙ্গা তেল
test_1379,শৈব ধর্মের সেবা পদ্ধতি শিক্ষা দেওয়া এবং শিবের নিঃস্বার্থ সেবা করা
test_1380,১৯৯০-এর দশকের শুরুতে
test_1381,রুলস্‌
test_1382,১৯৮৯ সালে
test_1383,ফিলিপাইন
test_1384,বিষ্ণুপদ বা পরম পদম্
test_1385,সমস্ত বাহ্যিক উপলব্ধিতে আলোকিত ফ্যাক্টর হিসাবে
test_1386,"এমন একটি সরলরেখা, যেটি কোনো বক্ররেখা অথবা বৃত্তকে একটিমাত্র বিন্দুতে স্পর্শ করে"
test_1387,১৯৮৩
test_1388,১৯০৮
test_1389,আষাঢ়-সুড়-বিজে
test_1390,"১৮নং, ৬নং, ২২নং, ৩নং, ২৫নং এবং ১৭নং ওয়ার্ড"
test_1391,যেখানে জল পান করা হয়
test_1392,বিএনএসএস
test_1393,কয়েক মাস
test_1394,সঞ্জয় গাধবি
test_1395,"সুলুস, নাস্তালিক এবং দিওয়ানি"
test_1396,সুলতান ফিরোজ শাহ তুগলক
test_1397,নগর পরিকল্পনা
test_1398,ভারতীয় রেলের ১২৭৫টি স্টেশনের উন্নয়ন ও আধুনিকীকরণ
test_1399,এম এ জাহের (ভূতাত্ত্বিক) এবং এম এ জাহের (রাজনীতিবিদ)
test_1400,শ্রীলঙ্কার তত্ত্বাবধায়ক দেবতা এবং বৌদ্ধ ধর্মের রক্ষক
test_1401,গীতিকার
test_1402,২২ নভেম্বর ২০১০
test_1403,কিছু পদার্থ সংযোজন করা হয় যা বিভিন্ন ধরনের স্বাস্থ্যগত সমস্যার সমাধান করে
test_1404,একটি হেটেরোডিমেরিক প্রোটিন
test_1405,নন্দিনী মালিয়া এবং মালোতি
test_1406,কেরমান
test_1407,"জ্যামিতি, পাটিগণিত এবং বীজগাণিতিক বিষয়"
test_1408,অভিনেতা এবং মডেল
test_1409,১৯৭৫
test_1410,০–০ গোলে শেষ হয়েছিল
test_1411,আটটি
test_1412,প্রথম শতাব্দীতে
test_1413,১৯১১ সালের শেষ থেকে ১৯১৪ সাল পর্যন্ত
test_1414,"শ্রীলঙ্কার আলভেডিতে (Alaveddy, Sri Lanka)"
test_1415,আবু শিমর ইবনে হাজার আল-কিন্দি
test_1416,এইরোস পরিবার
test_1417,হোন হাই টেকনোলজি গ্রুপ
test_1418,১৯৭৬
test_1419,বাংলাদেশ ও ভারত
test_1420,শুষ্ক এবং মরু জলবায়ুর অঞ্চল
test_1421,"দো রাস্তে, দোস্তানা"
test_1422,মানুষের খাদ্য হিসেবে ব্যবহৃত হয় এবং মানবদেহে অন্যতম আমিষ যোগানদাতা
test_1423,Cassia occidentalis
test_1424,ক্যালিফোর্নিয়া
test_1425,বসন্ত পঞ্চমী
test_1426,মুঠো ফুলের নৈবেদ্য
test_1427,ড্রেসডনার সিগারেট কারখানা হাউস বার্গম্যান
test_1428,ভারতীয় জাতীয় কংগ্রেস
test_1429,জল এবং স্যানিটেশন বা পয়ঃনিষ্কাশন ব্যবস্থা এবং সঠিক সংযোগ সড়ক
test_1430,হেলিকাল এবং নমনীয়
test_1431,সোমবার
test_1432,বেশ দূরের
test_1433,১৭ এপ্রিল ১৯১৫
test_1434,গ্রুপ পর্ব (২০২২)
test_1435,পর্তুগিজ
test_1436,বাজার-ভিত্তিক এবং অ-বাজার-ভিত্তিক
test_1437,১৪ বছর
test_1438,ইয়ারমুক শিবির
test_1439,১৬৪৫ সালে
test_1440,ধর্মনিরপেক্ষ মমতা বিরোধী শক্তি
test_1441,বহুগামী বিবাহ
test_1442,পলাশ ব্যানার্জী
test_1443,পাকিস্তান
test_1444,ঘোড়া থেকে নেমে শ্রদ্ধার সাথে প্রণাম করে
test_1445,বৌদ্ধধর্ম
test_1446,৭ ডিসেম্বর
test_1447,পদ্মশ্রী
test_1448,তালিকা আকারে
test_1449,আউগুস্ট আর্নল্ড ও রবার্ট রিশটার
test_1450,"পাতা: ডি-মানিটল, বিটা সাইটোসটেরোল, ফ্লাভানোল গ্লুকোসাইডেজ, এসট্র"
test_1451,জেফ ব্রিজেস
test_1452,"ট্র্যাক ও ফিল্ড বিভাগ, রোড রানিং বিভাগ এবং রেসওয়াকিং বিভাগ"
test_1453,অ্যাপোলো লুনার মডিউল
test_1454,প্রতিবছর
test_1455,ফেরেডক্সিন
test_1456,১৯৪০
test_1457,একটি কাপড়ে নিয়ে গরম করে সেঁক দিলে
test_1458,১৪০৭ সালে
test_1459,৬/১১
test_1460,পার্ক সুং-জিন
test_1461,কৃষি বিপণন
test_1462,মডেলিং এবং অভিনয়
test_1463,যুক্তরাজ্যের লন্ডনে
test_1464,৪ খণ্ডে
test_1465,হরিপুর
test_1466,জীববিজ্ঞানী
test_1467,১৯৯৫ খ্রিষ্টাব্দের ২৪ অক্টোবর
test_1468,জোশকা ফিশার এবং ফ্রাঙ্ক-ওয়াল্টার স্টেইনমায়ার
test_1469,ফেডারেশন অফ ইন্ডিয়ান চেম্বার অফ কমার্স অ্যান্ড ইন্ডাস্ট্রি
test_1470,যুক্তরাষ্ট্রের ইলিনয় অঙ্গরাজ্যে
test_1471,"গ্রিসের দ্বিতীয় কনস্ট্যানটাইন, প্রিন্সেস আলেকজান্ড্রা, দ্য অনারেবল লেডি অগলিভি, ডা"
test_1472,সাতটি
test_1473,হেমাঙ্গিনী
test_1474,দোলেন অমুর্জাকভ স্টেডিয়াম
test_1475,"কীবোর্ড বাদক, সুরকার এবং সঙ্গীত প্রযোজক"
test_1476,একটি গুরুত্বপূর্ণ ধর্মীয় কেন্দ্র
test_1477,দুইজন
test_1478,রানঅফ অনুষ্ঠিত করা
test_1479,অভয়চরণ গুহ
test_1480,হ্যাঁ
test_1481,জার্মানি অনূর্ধ্ব-২১ দল
test_1482,ইরান
test_1483,স্বয়ংক্রিয় বা রোবোটিক চন্দ্র অবতরণ যান
test_1484,নেপালযুদ্ধ
test_1485,প্রথম অংশে
test_1486,প্লুটো এবং শ্যারন
test_1487,লোকসভা কেন্দ্র
test_1488,মার্কিন যুক্তরাষ্ট্রে ধারাবাহিক সম্প্রচার পরিষেবা এবং প্রতি-দর্শনে-পরিশোধে
test_1489,ব্যারিস্টার বাবু
test_1490,"আইপিপি, আইসোপেনটেনাইল ডিফসফেট, বা আইডিপি"
test_1491,সিগারেট
test_1492,এক বা একাধিক বাহিনী
test_1493,অন্ধ্রপ্রদেশ
test_1494,অলিম্পাস পর্বতের নিরংশু তমসাচ্ছন্ন প্রতিরূপ
test_1495,১৪ ডিসেম্বর ১৯৩৯
test_1496,২টি
test_1497,১৯৫০ সালে
test_1498,সাতটি
test_1499,ড. আহমদ মোস্তফা
test_1500,২০০৯
